DATE,RHEACBW027SBOG
1987-06-17,23.6385
1987-06-24,23.89
1987-07-01,24.3287
1987-07-08,24.5814
1987-07-15,24.8796
1987-07-22,25.0741
1987-07-29,25.3688
1987-08-05,25.6248
1987-08-12,25.9175
1987-08-19,26.1608
1987-08-26,26.4636
1987-09-02,26.7288
1987-09-09,27.1651
1987-09-16,27.2946
1987-09-23,27.544
1987-09-30,27.9681
1987-10-07,28.0722
1987-10-14,28.3022
1987-10-21,28.5551
1987-10-28,28.7494
1987-11-04,29.0313
1987-11-11,29.5504
1987-11-18,29.551
1987-11-25,29.7523
1987-12-02,29.8438
1987-12-09,30.0269
1987-12-16,30.3406
1987-12-23,30.7596
1987-12-30,31.477
1988-01-06,31.4318
1988-01-13,31.734
1988-01-20,31.8597
1988-01-27,32.0422
1988-02-03,32.1414
1988-02-10,32.3719
1988-02-17,32.4982
1988-02-24,32.4973
1988-03-02,32.7046
1988-03-09,32.889
1988-03-16,32.936
1988-03-23,33.0599
1988-03-30,33.1791
1988-04-06,33.6294
1988-04-13,33.5887
1988-04-20,33.7995
1988-04-27,34.0298
1988-05-04,34.2555
1988-05-11,34.4557
1988-05-18,34.5755
1988-05-25,34.7661
1988-06-01,34.9477
1988-06-08,35.1441
1988-06-15,35.2957
1988-06-22,35.4893
1988-06-29,35.6921
1988-07-06,35.8139
1988-07-13,35.9243
1988-07-20,36.1132
1988-07-27,36.3318
1988-08-03,36.5907
1988-08-10,36.7768
1988-08-17,37.0497
1988-08-24,37.2713
1988-08-31,37.502
1988-09-07,37.6467
1988-09-14,38.0721
1988-09-21,38.4404
1988-09-28,38.5681
1988-10-05,38.9428
1988-10-12,39.129
1988-10-19,39.2678
1988-10-26,39.4808
1988-11-02,39.8538
1988-11-09,40.0328
1988-11-16,40.2858
1988-11-23,40.6494
1988-11-30,40.7317
1988-12-07,40.8538
1988-12-14,41.0505
1988-12-21,41.3187
1988-12-28,41.3116
1989-01-04,41.9862
1989-01-11,42.0341
1989-01-18,42.1744
1989-01-25,42.1597
1989-02-01,42.4203
1989-02-08,42.8954
1989-02-15,43.0046
1989-02-22,43.3196
1989-03-01,43.5852
1989-03-08,43.7347
1989-03-15,44.0066
1989-03-22,44.177
1989-03-29,44.4417
1989-04-05,44.4566
1989-04-12,44.6382
1989-04-19,44.8353
1989-04-26,45.1394
1989-05-03,45.3031
1989-05-10,45.6082
1989-05-17,45.7216
1989-05-24,45.9369
1989-05-31,46.0889
1989-06-07,46.3276
1989-06-14,46.5083
1989-06-21,46.7067
1989-06-28,47.0456
1989-07-05,47.0987
1989-07-12,47.381
1989-07-19,47.6383
1989-07-26,47.6804
1989-08-02,47.8754
1989-08-09,48.1309
1989-08-16,48.3442
1989-08-23,48.5166
1989-08-30,48.6844
1989-09-06,48.8105
1989-09-13,48.9551
1989-09-20,49.2193
1989-09-27,49.3592
1989-10-04,49.1298
1989-10-11,49.3602
1989-10-18,49.6127
1989-10-25,49.8066
1989-11-01,50.0719
1989-11-08,50.1843
1989-11-15,50.4351
1989-11-22,50.7244
1989-11-29,50.7492
1989-12-06,51.0304
1989-12-13,51.3496
1989-12-20,51.4651
1989-12-27,51.6722
1990-01-03,52.038
1990-01-10,52.2834
1990-01-17,52.3994
1990-01-24,52.5706
1990-01-31,52.8134
1990-02-07,52.9288
1990-02-14,53.0703
1990-02-21,53.2359
1990-02-28,53.2729
1990-03-07,53.5951
1990-03-14,53.8907
1990-03-21,54.0884
1990-03-28,54.1798
1990-04-04,54.2075
1990-04-11,54.5824
1990-04-18,54.8392
1990-04-25,55.1522
1990-05-02,55.2822
1990-05-09,55.4376
1990-05-16,55.7325
1990-05-23,56.0009
1990-05-30,56.2471
1990-06-06,56.5246
1990-06-13,56.6509
1990-06-20,56.8917
1990-06-27,57.1149
1990-07-04,57.2127
1990-07-11,57.5986
1990-07-18,57.8733
1990-07-25,58.387
1990-08-01,58.6326
1990-08-08,58.8134
1990-08-15,59.0054
1990-08-22,59.2957
1990-08-29,59.3562
1990-09-05,59.463
1990-09-12,59.7147
1990-09-19,59.697
1990-09-26,60.2241
1990-10-03,60.8239
1990-10-10,61.0149
1990-10-17,61.575
1990-10-24,62.0393
1990-10-31,62.2214
1990-11-07,62.3223
1990-11-14,62.4683
1990-11-21,62.7451
1990-11-28,62.7417
1990-12-05,63.3245
1990-12-12,63.0414
1990-12-19,63.4768
1990-12-26,63.6829
1991-01-02,63.7375
1991-01-09,63.8141
1991-01-16,64.0957
1991-01-23,64.2387
1991-01-30,64.3908
1991-02-06,64.4371
1991-02-13,65.1497
1991-02-20,65.4582
1991-02-27,65.6904
1991-03-06,65.8271
1991-03-13,66.0435
1991-03-20,66.2462
1991-03-27,66.4253
1991-04-03,66.5604
1991-04-10,66.7213
1991-04-17,66.9069
1991-04-24,66.7395
1991-05-01,66.8692
1991-05-08,67.0014
1991-05-15,67.1555
1991-05-22,67.3312
1991-05-29,67.5405
1991-06-05,68.0895
1991-06-12,68.1345
1991-06-19,68.0142
1991-06-26,68.0285
1991-07-03,68.1974
1991-07-10,68.3616
1991-07-17,68.4627
1991-07-24,68.5806
1991-07-31,68.6463
1991-08-07,68.7491
1991-08-14,68.8315
1991-08-21,69.1003
1991-08-28,69.1527
1991-09-04,69.2136
1991-09-11,69.519
1991-09-18,69.6821
1991-09-25,69.722
1991-10-02,70.192
1991-10-09,70.3537
1991-10-16,70.2893
1991-10-23,70.4764
1991-10-30,70.8081
1991-11-06,70.8824
1991-11-13,70.994
1991-11-20,71.2654
1991-11-27,71.3745
1991-12-04,71.5428
1991-12-11,71.768
1991-12-18,71.9694
1991-12-25,72.2692
1992-01-01,72.0345
1992-01-08,72.0556
1992-01-15,72.254
1992-01-22,72.3156
1992-01-29,72.458
1992-02-05,72.4169
1992-02-12,72.3059
1992-02-19,72.3203
1992-02-26,72.3481
1992-03-04,72.3024
1992-03-11,72.2746
1992-03-18,72.3503
1992-03-25,72.4024
1992-04-01,72.9229
1992-04-08,72.8208
1992-04-15,72.9038
1992-04-22,72.8671
1992-04-29,72.9642
1992-05-06,73.1649
1992-05-13,73.2772
1992-05-20,73.3408
1992-05-27,73.3534
1992-06-03,73.2517
1992-06-10,73.4892
1992-06-17,73.4252
1992-06-24,73.6472
1992-07-01,73.7654
1992-07-08,73.803
1992-07-15,73.9837
1992-07-22,74.0636
1992-07-29,74.0753
1992-08-05,74.0857
1992-08-12,74.1512
1992-08-19,74.2922
1992-08-26,74.2601
1992-09-02,73.9641
1992-09-09,73.9606
1992-09-16,74.0997
1992-09-23,74.1093
1992-09-30,74.4854
1992-10-07,74.8537
1992-10-14,74.7454
1992-10-21,74.662
1992-10-28,74.6032
1992-11-04,74.6245
1992-11-11,74.8591
1992-11-18,74.9303
1992-11-25,74.8552
1992-12-02,74.7831
1992-12-09,75.1356
1992-12-16,75.0895
1992-12-23,74.9547
1992-12-30,75.1351
1993-01-06,75.1655
1993-01-13,75.0857
1993-01-20,75.2164
1993-01-27,75.3102
1993-02-03,75.2622
1993-02-10,75.2354
1993-02-17,75.2886
1993-02-24,75.3925
1993-03-03,75.8361
1993-03-10,75.8912
1993-03-17,75.9804
1993-03-24,76.0807
1993-03-31,76.2695
1993-04-07,76.2052
1993-04-14,76.2474
1993-04-21,76.3417
1993-04-28,76.3583
1993-05-05,76.3625
1993-05-12,76.3788
1993-05-19,76.3601
1993-05-26,76.4798
1993-06-02,76.2766
1993-06-09,76.2392
1993-06-16,76.5115
1993-06-23,76.387
1993-06-30,76.3558
1993-07-07,76.4378
1993-07-14,75.4929
1993-07-21,75.2988
1993-07-28,74.9628
1993-08-04,74.678
1993-08-11,74.4387
1993-08-18,74.3191
1993-08-25,74.1718
1993-09-01,76.5527
1993-09-08,76.3902
1993-09-15,76.2284
1993-09-22,75.9494
1993-09-29,75.574
1993-10-06,75.1509
1993-10-13,74.942
1993-10-20,74.7409
1993-10-27,74.577
1993-11-03,74.4252
1993-11-10,74.4755
1993-11-17,74.4137
1993-11-24,74.3261
1993-12-01,74.1252
1993-12-08,74.0992
1993-12-15,74.1194
1993-12-22,74.0176
1993-12-29,73.8793
1994-01-05,73.8863
1994-01-12,73.747
1994-01-19,73.7782
1994-01-26,73.8025
1994-02-02,73.9204
1994-02-09,73.8925
1994-02-16,73.8195
1994-02-23,73.8633
1994-03-02,73.8743
1994-03-09,73.9247
1994-03-16,73.8812
1994-03-23,74.0108
1994-03-30,73.9078
1994-04-06,74.0144
1994-04-13,73.921
1994-04-20,73.8636
1994-04-27,73.8616
1994-05-04,73.8163
1994-05-11,73.928
1994-05-18,74.0847
1994-05-25,74.2091
1994-06-01,74.3333
1994-06-08,74.405
1994-06-15,74.4853
1994-06-22,74.3163
1994-06-29,74.5524
1994-07-06,74.6603
1994-07-13,74.5683
1994-07-20,74.6211
1994-07-27,74.6134
1994-08-03,74.7281
1994-08-10,74.7405
1994-08-17,74.8837
1994-08-24,74.9885
1994-08-31,74.8109
1994-09-07,74.8145
1994-09-14,74.9779
1994-09-21,75.1023
1994-09-28,75.2005
1994-10-05,75.3137
1994-10-12,75.324
1994-10-19,75.2802
1994-10-26,75.3325
1994-11-02,75.3936
1994-11-09,75.5564
1994-11-16,75.7335
1994-11-23,75.808
1994-11-30,75.9227
1994-12-07,76.1392
1994-12-14,76.0088
1994-12-21,75.9948
1994-12-28,76.0948
1995-01-04,76.2495
1995-01-11,76.3615
1995-01-18,76.3667
1995-01-25,76.3963
1995-02-01,76.5479
1995-02-08,76.6217
1995-02-15,76.6234
1995-02-22,76.6933
1995-03-01,76.303
1995-03-08,76.4045
1995-03-15,76.454
1995-03-22,76.5509
1995-03-29,76.6832
1995-04-05,76.8377
1995-04-12,76.8928
1995-04-19,76.9016
1995-04-26,76.9427
1995-05-03,77.103
1995-05-10,77.3922
1995-05-17,77.5152
1995-05-24,77.6391
1995-05-31,77.7677
1995-06-07,77.8495
1995-06-14,77.8462
1995-06-21,77.8554
1995-06-28,78.3365
1995-07-05,78.3859
1995-07-12,78.7275
1995-07-19,78.6678
1995-07-26,78.4726
1995-08-02,78.5743
1995-08-09,78.9044
1995-08-16,78.9418
1995-08-23,78.9039
1995-08-30,78.7574
1995-09-06,79.0782
1995-09-13,79.2614
1995-09-20,79.3767
1995-09-27,79.3557
1995-10-04,79.2709
1995-10-11,79.1824
1995-10-18,79.1248
1995-10-25,79.2628
1995-11-01,79.3762
1995-11-08,79.4861
1995-11-15,79.4923
1995-11-22,79.5708
1995-11-29,79.6203
1995-12-06,79.3878
1995-12-13,79.6847
1995-12-20,79.8853
1995-12-27,80.1505
1996-01-03,80.2529
1996-01-10,80.224
1996-01-17,80.1804
1996-01-24,80.2856
1996-01-31,80.3779
1996-02-07,80.3945
1996-02-14,80.4797
1996-02-21,80.5819
1996-02-28,80.9291
1996-03-06,80.9384
1996-03-13,80.9749
1996-03-20,81.0545
1996-03-27,81.0423
1996-04-03,80.4157
1996-04-10,80.4562
1996-04-17,81.2366
1996-04-24,81.255
1996-05-01,81.3437
1996-05-08,80.8264
1996-05-15,80.9543
1996-05-22,80.8944
1996-05-29,80.693
1996-06-05,80.6756
1996-06-12,80.7496
1996-06-19,80.8108
1996-06-26,81.1481
1996-07-03,81.0337
1996-07-10,80.9704
1996-07-17,80.9396
1996-07-24,80.8462
1996-07-31,80.9545
1996-08-07,81.378
1996-08-14,81.4317
1996-08-21,81.7938
1996-08-28,81.8656
1996-09-04,81.8238
1996-09-11,82.0022
1996-09-18,82.1664
1996-09-25,82.5636
1996-10-02,83.0441
1996-10-09,83.2938
1996-10-16,83.2851
1996-10-23,83.4746
1996-10-30,83.6781
1996-11-06,83.8469
1996-11-13,83.9665
1996-11-20,84.4803
1996-11-27,84.8305
1996-12-04,85.5864
1996-12-11,85.6267
1996-12-18,85.7502
1996-12-25,85.9723
1997-01-01,86.2039
1997-01-08,86.18
1997-01-15,86.2828
1997-01-22,86.3903
1997-01-29,86.5602
1997-02-05,86.8632
1997-02-12,86.9979
1997-02-19,87.3609
1997-02-26,87.5889
1997-03-05,88.278
1997-03-12,88.5588
1997-03-19,88.8047
1997-03-26,88.9733
1997-04-02,89.0806
1997-04-09,89.9493
1997-04-16,90.1013
1997-04-23,90.2875
1997-04-30,90.5907
1997-05-07,90.7871
1997-05-14,91.1172
1997-05-21,91.3207
1997-05-28,92.3097
1997-06-04,92.7196
1997-06-11,92.9279
1997-06-18,92.9792
1997-06-25,93.4558
1997-07-02,94.3393
1997-07-09,94.3776
1997-07-16,94.501
1997-07-23,94.4762
1997-07-30,94.5464
1997-08-06,94.8587
1997-08-13,95.0776
1997-08-20,95.4442
1997-08-27,95.5468
1997-09-03,96.2694
1997-09-10,96.4413
1997-09-17,96.6635
1997-09-24,97.211
1997-10-01,97.0207
1997-10-08,96.9049
1997-10-15,97.0436
1997-10-22,97.4884
1997-10-29,97.5703
1997-11-05,97.6763
1997-11-12,97.8462
1997-11-19,98.2093
1997-11-26,98.3221
1997-12-03,98.5067
1997-12-10,98.7678
1997-12-17,98.7678
1997-12-24,99.0527
1997-12-31,98.7162
1998-01-07,98.9898
1998-01-14,99.1012
1998-01-21,99.2489
1998-01-28,99.3321
1998-02-04,99.4524
1998-02-11,99.8474
1998-02-18,99.5105
1998-02-25,99.5089
1998-03-04,99.4151
1998-03-11,99.4024
1998-03-18,99.325
1998-03-25,99.0041
1998-04-01,99.3822
1998-04-08,99.2026
1998-04-15,99.1356
1998-04-22,98.9468
1998-04-29,98.9757
1998-05-06,99.0905
1998-05-13,98.7822
1998-05-20,98.4739
1998-05-27,98.4342
1998-06-03,98.6934
1998-06-10,98.5794
1998-06-17,98.4953
1998-06-24,98.8375
1998-07-01,99.4283
1998-07-08,99.1674
1998-07-15,98.9289
1998-07-22,98.6919
1998-07-29,98.3427
1998-08-05,98.28
1998-08-12,98.3687
1998-08-19,98.5588
1998-08-26,98.7594
1998-09-02,98.5833
1998-09-09,98.4792
1998-09-16,98.4112
1998-09-23,98.8416
1998-09-30,97.6084
1998-10-07,97.3745
1998-10-14,98.0545
1998-10-21,98.1473
1998-10-28,98.212
1998-11-04,97.9924
1998-11-11,97.9491
1998-11-18,97.514
1998-11-25,97.3274
1998-12-02,97.3452
1998-12-09,97.4659
1998-12-16,97.3737
1998-12-23,96.8096
1998-12-30,97.0004
1999-01-06,97.1172
1999-01-13,97.0426
1999-01-20,97.295
1999-01-27,97.1706
1999-02-03,97.019
1999-02-10,96.9157
1999-02-17,96.9806
1999-02-24,96.9216
1999-03-03,96.8282
1999-03-10,96.8797
1999-03-17,96.8866
1999-03-24,97.1434
1999-03-31,97.1416
1999-04-07,97.3049
1999-04-14,97.4375
1999-04-21,97.4832
1999-04-28,97.7058
1999-05-05,97.7901
1999-05-12,98.2866
1999-05-19,98.587
1999-05-26,98.7904
1999-06-02,98.8292
1999-06-09,98.8673
1999-06-16,99.4399
1999-06-23,99.268
1999-06-30,93.1078
1999-07-07,92.8839
1999-07-14,94.2669
1999-07-21,95.6808
1999-07-28,97.8191
1999-08-04,97.8013
1999-08-11,97.938
1999-08-18,97.9622
1999-08-25,98.6833
1999-09-01,98.6513
1999-09-08,98.8037
1999-09-15,99.2039
1999-09-22,97.8741
1999-09-29,98.3708
1999-10-06,98.7641
1999-10-13,99.3859
1999-10-20,99.1003
1999-10-27,98.9048
1999-11-03,99.4705
1999-11-10,99.5045
1999-11-17,99.8789
1999-11-24,100.0887
1999-12-01,99.974
1999-12-08,99.7151
1999-12-15,100.713
1999-12-22,101.5636
1999-12-29,102.3303
2000-01-05,103.8169
2000-01-12,104.727
2000-01-19,105.1301
2000-01-26,105.6494
2000-02-02,105.7114
2000-02-09,106.0371
2000-02-16,106.3752
2000-02-23,107.2682
2000-03-01,107.5215
2000-03-08,107.9671
2000-03-15,108.2886
2000-03-22,108.6215
2000-03-29,109.2215
2000-04-05,110.4879
2000-04-12,110.4875
2000-04-19,111.4927
2000-04-26,112.0804
2000-05-03,112.8924
2000-05-10,113.3096
2000-05-17,113.3993
2000-05-24,113.5171
2000-05-31,113.7727
2000-06-07,113.9254
2000-06-14,114.3111
2000-06-21,113.2885
2000-06-28,116.0223
2000-07-05,118.5604
2000-07-12,118.1797
2000-07-19,118.3008
2000-07-26,118.5059
2000-08-02,118.8664
2000-08-09,119.4068
2000-08-16,120.1807
2000-08-23,120.6555
2000-08-30,120.4704
2000-09-06,120.7399
2000-09-13,121.389
2000-09-20,122.3156
2000-09-27,122.7837
2000-10-04,122.8089
2000-10-11,123.1724
2000-10-18,123.5972
2000-10-25,124.0715
2000-11-01,124.6206
2000-11-08,125.3234
2000-11-15,125.7497
2000-11-22,125.9974
2000-11-29,126.5424
2000-12-06,127.7397
2000-12-13,127.5548
2000-12-20,127.8941
2000-12-27,128.7749
2001-01-03,127.7359
2001-01-10,128.1092
2001-01-17,128.4231
2001-01-24,128.9589
2001-01-31,129.5666
2001-02-07,129.7609
2001-02-14,130.5604
2001-02-21,130.8359
2001-02-28,131.2616
2001-03-07,131.505
2001-03-14,131.6262
2001-03-21,132.6635
2001-03-28,132.2491
2001-04-04,132.1106
2001-04-11,132.5432
2001-04-18,132.9232
2001-04-25,133.4093
2001-05-02,134.0587
2001-05-09,134.7477
2001-05-16,135.1084
2001-05-23,135.6542
2001-05-30,135.1847
2001-06-06,135.5339
2001-06-13,135.637
2001-06-20,135.9294
2001-06-27,136.9465
2001-07-04,137.5562
2001-07-11,137.4063
2001-07-18,137.8982
2001-07-25,137.806
2001-08-01,138.8219
2001-08-08,139.1487
2001-08-15,139.7603
2001-08-22,140.9727
2001-08-29,141.574
2001-09-05,142.2717
2001-09-12,143.1843
2001-09-19,144.4168
2001-09-26,144.574
2001-10-03,145.611
2001-10-10,146.6975
2001-10-17,147.3544
2001-10-24,148.6292
2001-10-31,149.5108
2001-11-07,149.8645
2001-11-14,150.0484
2001-11-21,150.537
2001-11-28,151.044
2001-12-05,152.582
2001-12-12,153.0636
2001-12-19,153.7265
2001-12-26,154.3815
2002-01-02,155.3945
2002-01-09,156.3896
2002-01-16,156.8032
2002-01-23,157.8792
2002-01-30,158.8726
2002-02-06,160.0255
2002-02-13,160.9514
2002-02-20,161.7252
2002-02-27,162.4191
2002-03-06,163.8599
2002-03-13,164.7681
2002-03-20,165.2345
2002-03-27,166.6869
2002-04-03,169.0322
2002-04-10,170.1824
2002-04-17,171.4646
2002-04-24,172.1773
2002-05-01,173.8296
2002-05-08,175.5508
2002-05-15,177.1445
2002-05-22,178.2728
2002-05-29,179.5044
2002-06-05,180.9612
2002-06-12,182.2385
2002-06-19,183.3071
2002-06-26,185.352
2002-07-03,187.7188
2002-07-10,188.7023
2002-07-17,189.5807
2002-07-24,190.4723
2002-07-31,192.0896
2002-08-07,193.73
2002-08-14,195.2173
2002-08-21,193.9591
2002-08-28,195.4854
2002-09-04,196.1968
2002-09-11,197.2877
2002-09-18,198.0928
2002-09-25,200.1358
2002-10-02,203.1001
2002-10-09,204.3348
2002-10-16,205.0779
2002-10-23,204.7323
2002-10-30,205.5094
2002-11-06,206.1093
2002-11-13,206.5992
2002-11-20,207.5165
2002-11-27,208.8641
2002-12-04,210.1284
2002-12-11,211.1204
2002-12-18,212.6845
2002-12-25,212.8578
2003-01-01,214.6797
2003-01-08,214.1169
2003-01-15,217.4851
2003-01-22,218.6685
2003-01-29,219.7897
2003-02-05,221.5587
2003-02-12,222.1909
2003-02-19,223.3981
2003-02-26,224.7192
2003-03-05,226.3413
2003-03-12,227.3301
2003-03-19,228.6091
2003-03-26,228.8817
2003-04-02,230.764
2003-04-09,231.8968
2003-04-16,232.3795
2003-04-23,233.8986
2003-04-30,234.5673
2003-05-07,235.6791
2003-05-14,236.6737
2003-05-21,237.7549
2003-05-28,238.8515
2003-06-04,240.7554
2003-06-11,242.0369
2003-06-18,243.1315
2003-06-25,244.5242
2003-07-02,245.5324
2003-07-09,246.5861
2003-07-16,247.5319
2003-07-23,248.257
2003-07-30,249.2812
2003-08-06,250.5786
2003-08-13,251.7188
2003-08-20,253.0959
2003-08-27,253.9303
2003-09-03,255.4053
2003-09-10,256.8274
2003-09-17,258.0635
2003-09-24,259.8667
2003-10-01,260.6789
2003-10-08,262.2737
2003-10-15,263.8999
2003-10-22,265.5918
2003-10-29,267.5255
2003-11-05,268.6351
2003-11-12,270.119
2003-11-19,271.6031
2003-11-26,273.7258
2003-12-03,271.3606
2003-12-10,273.5326
2003-12-17,278.9684
2003-12-24,281.4894
2003-12-31,283.9409
2004-01-07,286.2976
2004-01-14,287.9493
2004-01-21,289.1531
2004-01-28,291.3573
2004-02-04,293.8827
2004-02-11,296.0649
2004-02-18,297.4844
2004-02-25,299.4432
2004-03-03,300.8756
2004-03-10,303.2259
2004-03-17,306.1246
2004-03-24,308.5479
2004-03-31,310.3013
2004-04-07,313.0842
2004-04-14,314.5739
2004-04-21,317.8009
2004-04-28,319.3716
2004-05-05,322.4182
2004-05-12,325.6753
2004-05-19,327.5139
2004-05-26,329.8457
2004-06-02,331.6481
2004-06-09,333.5524
2004-06-16,335.5406
2004-06-23,338.0649
2004-06-30,339.9256
2004-07-07,341.6102
2004-07-14,343.9317
2004-07-21,345.9422
2004-07-28,347.8324
2004-08-04,351.3386
2004-08-11,353.9897
2004-08-18,356.8328
2004-08-25,359.4753
2004-09-01,362.3244
2004-09-08,364.5908
2004-09-15,367.3143
2004-09-22,370.1606
2004-09-29,373.0342
2004-10-06,375.8566
2004-10-13,377.597
2004-10-20,383.415
2004-10-27,385.6946
2004-11-03,386.5968
2004-11-10,388.0508
2004-11-17,388.9801
2004-11-24,389.6883
2004-12-01,392.6526
2004-12-08,394.1037
2004-12-15,394.6207
2004-12-22,394.9487
2004-12-29,396.6659
2005-01-05,400.3492
2005-01-12,401.2189
2005-01-19,402.2157
2005-01-26,403.9786
2005-02-02,405.1273
2005-02-09,406.0505
2005-02-16,407.1861
2005-02-23,410.6068
2005-03-02,411.0603
2005-03-09,413.5183
2005-03-16,414.8473
2005-03-23,416.5644
2005-03-30,417.5611
2005-04-06,418.6789
2005-04-13,419.9454
2005-04-20,421.3225
2005-04-27,423.0102
2005-05-04,423.8902
2005-05-11,425.116
2005-05-18,426.9548
2005-05-25,428.638
2005-06-01,429.9711
2005-06-08,430.3754
2005-06-15,431.4744
2005-06-22,431.2639
2005-06-29,433.7748
2005-07-06,434.8518
2005-07-13,435.594
2005-07-20,438.0307
2005-07-27,438.2468
2005-08-03,439.5667
2005-08-10,440.1688
2005-08-17,441.0498
2005-08-24,441.3303
2005-08-31,442.0754
2005-09-07,441.9361
2005-09-14,441.9358
2005-09-21,442.7195
2005-09-28,443.9098
2005-10-05,441.2083
2005-10-12,441.8867
2005-10-19,443.0104
2005-10-26,443.1462
2005-11-02,442.3442
2005-11-09,442.5143
2005-11-16,441.4331
2005-11-23,442.4021
2005-11-30,442.653
2005-12-07,444.4989
2005-12-14,443.7072
2005-12-21,442.7446
2005-12-28,443.5223
2006-01-04,441.9896
2006-01-11,442.7253
2006-01-18,443.5102
2006-01-25,444.4521
2006-02-01,444.9617
2006-02-08,445.5299
2006-02-15,446.0732
2006-02-22,446.5272
2006-03-01,447.0582
2006-03-08,447.4304
2006-03-15,448.2691
2006-03-22,447.8319
2006-03-29,448.8921
2006-04-05,448.0178
2006-04-12,447.92
2006-04-19,448.0975
2006-04-26,447.8179
2006-05-03,448.5163
2006-05-10,448.3296
2006-05-17,448.6351
2006-05-24,448.307
2006-05-31,449.6435
2006-06-07,449.884
2006-06-14,449.8878
2006-06-21,450.5472
2006-06-28,450.8717
2006-07-05,451.467
2006-07-12,451.1836
2006-07-19,451.5471
2006-07-26,452.2487
2006-08-02,450.6286
2006-08-09,448.2724
2006-08-16,447.98
2006-08-23,448.6133
2006-08-30,448.524
2006-09-06,448.4673
2006-09-13,448.6944
2006-09-20,449.0673
2006-09-27,449.3835
2006-10-04,465.4506
2006-10-11,466.5147
2006-10-18,466.0233
2006-10-25,465.5382
2006-11-01,466.2743
2006-11-08,465.6645
2006-11-15,466.154
2006-11-22,464.854
2006-11-29,466.4936
2006-12-06,467.4822
2006-12-13,467.3808
2006-12-20,468.5169
2006-12-27,469.4023
2007-01-03,469.1531
2007-01-10,470.0956
2007-01-17,470.4042
2007-01-24,470.5559
2007-01-31,470.7612
2007-02-07,469.9983
2007-02-14,470.9358
2007-02-21,471.0542
2007-02-28,471.068
2007-03-07,470.9529
2007-03-14,457.5995
2007-03-21,458.3793
2007-03-28,458.8712
2007-04-04,457.8398
2007-04-11,458.6557
2007-04-18,459.4624
2007-04-25,459.5132
2007-05-02,459.4531
2007-05-09,460.3438
2007-05-16,460.7408
2007-05-23,461.4782
2007-05-30,461.3007
2007-06-06,461.2812
2007-06-13,461.6758
2007-06-20,462.288
2007-06-27,462.9931
2007-07-04,462.0869
2007-07-11,463.3727
2007-07-18,464.0984
2007-07-25,464.3465
2007-08-01,464.7332
2007-08-08,466.4174
2007-08-15,467.5409
2007-08-22,468.7177
2007-08-29,469.2685
2007-09-05,470.5562
2007-09-12,471.2245
2007-09-19,472.2184
2007-09-26,472.3983
2007-10-03,473.6993
2007-10-10,475.0194
2007-10-17,477.1229
2007-10-24,478.1004
2007-10-31,479.0309
2007-11-07,480.1513
2007-11-14,481.1698
2007-11-21,480.9648
2007-11-28,482.631
2007-12-05,483.4786
2007-12-12,484.0051
2007-12-19,484.9651
2007-12-26,485.4781
2008-01-02,486.1517
2008-01-09,487.2101
2008-01-16,487.5444
2008-01-23,488.7731
2008-01-30,489.4381
2008-02-06,490.0933
2008-02-13,492.0858
2008-02-20,492.9192
2008-02-27,494.0226
2008-03-05,495.5269
2008-03-12,496.3325
2008-03-19,497.448
2008-03-26,497.0356
2008-04-02,498.6054
2008-04-09,500.5897
2008-04-16,502.3523
2008-04-23,503.6918
2008-04-30,505.1719
2008-05-07,506.313
2008-05-14,507.3611
2008-05-21,508.1084
2008-05-28,509.4487
2008-06-04,510.6999
2008-06-11,511.7298
2008-06-18,512.8668
2008-06-25,516.0738
2008-07-02,518.4692
2008-07-09,519.7883
2008-07-16,520.6062
2008-07-23,520.7727
2008-07-30,521.8813
2008-08-06,523.4328
2008-08-13,524.5182
2008-08-20,526.0528
2008-08-27,527.3596
2008-09-03,528.1558
2008-09-10,529.4543
2008-09-17,531.0615
2008-09-24,532.1974
2008-10-01,574.1762
2008-10-08,576.6517
2008-10-15,577.9925
2008-10-22,578.5455
2008-10-29,579.193
2008-11-05,580.5087
2008-11-12,581.2556
2008-11-19,582.6549
2008-11-26,584.9895
2008-12-03,586.4899
2008-12-10,587.5629
2008-12-17,587.8486
2008-12-24,588.774
2008-12-31,589.5925
2009-01-07,591.5058
2009-01-14,592.2411
2009-01-21,593.4001
2009-01-28,592.7633
2009-02-04,593.9649
2009-02-11,594.9178
2009-02-18,595.4406
2009-02-25,597.4022
2009-03-04,598.096
2009-03-11,598.4384
2009-03-18,598.9715
2009-03-25,599.2616
2009-04-01,600.1758
2009-04-08,600.8361
2009-04-15,600.6016
2009-04-22,600.0327
2009-04-29,611.1354
2009-05-06,611.5362
2009-05-13,611.2069
2009-05-20,611.6241
2009-05-27,611.3172
2009-06-03,610.3574
2009-06-10,610.2717
2009-06-17,610.0448
2009-06-24,609.1445
2009-07-01,608.7348
2009-07-08,608.4078
2009-07-15,607.5571
2009-07-22,607.0244
2009-07-29,606.6701
2009-08-05,607.2363
2009-08-12,606.6467
2009-08-19,605.5169
2009-08-26,604.8
2009-09-02,604.0753
2009-09-09,604.2416
2009-09-16,604.1221
2009-09-23,603.4184
2009-09-30,602.541
2009-10-07,602.8353
2009-10-14,602.2961
2009-10-21,601.6867
2009-10-28,601.2236
2009-11-04,606.6218
2009-11-11,606.3728
2009-11-18,606.0701
2009-11-25,605.1881
2009-12-02,604.5824
2009-12-09,604.3254
2009-12-16,603.4898
2009-12-23,602.7774
2009-12-30,602.066
2010-01-06,600.9397
2010-01-13,600.2169
2010-01-20,599.5392
2010-01-27,599.1897
2010-02-03,599.5082
2010-02-10,599.6791
2010-02-17,599.3627
2010-02-24,598.8438
2010-03-03,597.8796
2010-03-10,597.8114
2010-03-17,597.5864
2010-03-24,597.8403
2010-03-31,603.9842
2010-04-07,602.7771
2010-04-14,602.5876
2010-04-21,601.7528
2010-04-28,601.1495
2010-05-05,600.2032
2010-05-12,599.9675
2010-05-19,599.4756
2010-05-26,599.351
2010-06-02,598.2979
2010-06-09,598.2983
2010-06-16,597.4905
2010-06-23,596.5417
2010-06-30,596.9968
2010-07-07,597.0176
2010-07-14,596.3633
2010-07-21,596.5379
2010-07-28,595.9076
2010-08-04,595.2249
2010-08-11,595.0095
2010-08-18,594.8879
2010-08-25,594.3467
2010-09-01,593.3488
2010-09-08,592.6768
2010-09-15,591.7272
2010-09-22,591.2187
2010-09-29,590.8771
2010-10-06,590.5253
2010-10-13,589.5705
2010-10-20,588.5449
2010-10-27,587.657
2010-11-03,586.7965
2010-11-10,586.3587
2010-11-17,585.7076
2010-11-24,584.7698
2010-12-01,583.8509
2010-12-08,583.5022
2010-12-15,582.2714
2010-12-22,581.197
2010-12-29,579.7325
2011-01-05,578.913
2011-01-12,578.248
2011-01-19,577.5579
2011-01-26,577.0163
2011-02-02,576.0762
2011-02-09,575.4604
2011-02-16,574.6468
2011-02-23,574.1283
2011-03-02,572.929
2011-03-09,572.8179
2011-03-16,571.9469
2011-03-23,571.6048
2011-03-30,570.472
2011-04-06,569.8965
2011-04-13,569.2308
2011-04-20,569.0461
2011-04-27,568.1548
2011-05-04,567.5515
2011-05-11,567.032
2011-05-18,566.445
2011-05-25,565.8247
2011-06-01,565.2282
2011-06-08,564.5891
2011-06-15,564.0209
2011-06-22,563.5802
2011-06-29,562.4212
2011-07-06,562.02
2011-07-13,561.2233
2011-07-20,560.6895
2011-07-27,559.4943
2011-08-03,558.9767
2011-08-10,558.7582
2011-08-17,557.8236
2011-08-24,557.1801
2011-08-31,557.1793
2011-09-07,556.9113
2011-09-14,556.325
2011-09-21,555.5337
2011-09-28,555.5428
2011-10-05,554.6233
2011-10-12,554.1109
2011-10-19,553.8052
2011-10-26,552.9366
2011-11-02,552.4634
2011-11-09,551.9144
2011-11-16,551.9526
2011-11-23,551.294
2011-11-30,550.512
2011-12-07,549.7845
2011-12-14,549.0739
2011-12-21,548.5917
2011-12-28,550.3021
2012-01-04,550.6233
2012-01-11,549.5333
2012-01-18,548.9205
2012-01-25,548.2538
2012-02-01,552.9646
2012-02-08,552.0789
2012-02-15,551.0791
2012-02-22,550.3186
2012-02-29,549.5972
2012-03-07,548.4093
2012-03-14,547.4903
2012-03-21,546.9194
2012-03-28,546.1662
2012-04-04,546.373
2012-04-11,545.7204
2012-04-18,545.0522
2012-04-25,544.463
2012-05-02,543.8504
2012-05-09,543.1818
2012-05-16,542.4492
2012-05-23,542.0247
2012-05-30,541.1938
2012-06-06,540.7026
2012-06-13,539.7745
2012-06-20,539.0575
2012-06-27,538.2489
2012-07-04,536.3906
2012-07-11,535.9707
2012-07-18,535.2569
2012-07-25,534.2441
2012-08-01,533.412
2012-08-08,532.7217
2012-08-15,531.5227
2012-08-22,530.8073
2012-08-29,529.7311
2012-09-05,528.8139
2012-09-12,527.6365
2012-09-19,526.9677
2012-09-26,525.7453
2012-10-03,524.6048
2012-10-10,523.8572
2012-10-17,522.5968
2012-10-24,521.6547
2012-10-31,520.53
2012-11-07,520.3533
2012-11-14,519.4918
2012-11-21,519.0626
2012-11-28,518.003
2012-12-05,516.9539
2012-12-12,516.0856
2012-12-19,515.3687
2012-12-26,514.4157
2013-01-02,513.3783
2013-01-09,512.374
2013-01-16,511.3603
2013-01-23,510.6512
2013-01-30,510.0466
2013-02-06,509.363
2013-02-13,509.1113
2013-02-20,508.8309
2013-02-27,508.0015
2013-03-06,506.9617
2013-03-13,506.1846
2013-03-20,505.6226
2013-03-27,504.1785
2013-04-03,502.9794
2013-04-10,501.5813
2013-04-17,499.4585
2013-04-24,498.3863
2013-05-01,497.2263
2013-05-08,496.2035
2013-05-15,495.2172
2013-05-22,494.2212
2013-05-29,493.4664
2013-06-05,492.7565
2013-06-12,492.1189
2013-06-19,491.7203
2013-06-26,490.7025
2013-07-03,490.0533
2013-07-10,489.5891
2013-07-17,488.7256
2013-07-24,487.7437
2013-07-31,486.68
2013-08-07,486.6103
2013-08-14,486.6293
2013-08-21,486.6751
2013-08-28,485.6028
2013-09-04,484.8996
2013-09-11,484.022
2013-09-18,483.4401
2013-09-25,482.5708
2013-10-02,481.5534
2013-10-09,481.2759
2013-10-16,480.4744
2013-10-23,479.7926
2013-10-30,479.6744
2013-11-06,478.5106
2013-11-13,477.1461
2013-11-20,475.8931
2013-11-27,474.7557
2013-12-04,474.6803
2013-12-11,474.4063
2013-12-18,473.6717
2013-12-25,473.1553
2014-01-01,472.7151
2014-01-08,471.9707
2014-01-15,471.3717
2014-01-22,470.7814
2014-01-29,470.1761
2014-02-05,469.7854
2014-02-12,469.4296
2014-02-19,468.982
2014-02-26,468.6494
2014-03-05,469.901
2014-03-12,469.5487
2014-03-19,469.1244
2014-03-26,468.7692
2014-04-02,468.347
2014-04-09,468.2846
2014-04-16,468.1883
2014-04-23,467.6641
2014-04-30,467.3138
2014-05-07,466.9835
2014-05-14,466.8684
2014-05-21,466.7409
2014-05-28,466.1707
2014-06-04,466.0267
2014-06-11,465.7877
2014-06-18,465.7127
2014-06-25,465.1996
2014-07-02,464.9931
2014-07-09,464.5331
2014-07-16,464.4611
2014-07-23,464.0515
2014-07-30,463.7621
2014-08-06,463.0052
2014-08-13,462.4937
2014-08-20,462.4409
2014-08-27,461.7739
2014-09-03,461.4859
2014-09-10,460.9188
2014-09-17,460.7115
2014-09-24,460.4311
2014-10-01,460.6753
2014-10-08,460.4512
2014-10-15,460.3606
2014-10-22,460.3383
2014-10-29,459.9859
2014-11-05,459.7565
2014-11-12,459.4603
2014-11-19,459.1766
2014-11-26,458.5283
2014-12-03,458.5691
2014-12-10,458.3481
2014-12-17,457.9034
2014-12-24,457.3162
2014-12-31,457.295
2015-01-07,457.4693
2015-01-14,456.8174
2015-01-21,456.9232
2015-01-28,456.812
2015-02-04,456.5483
2015-02-11,456.1374
2015-02-18,455.509
2015-02-25,456.9181
2015-03-04,456.6069
2015-03-11,456.2292
2015-03-18,455.2804
2015-03-25,454.7947
2015-04-01,454.8479
2015-04-08,454.2612
2015-04-15,454.0154
2015-04-22,453.6292
2015-04-29,453.4981
2015-05-06,453.0674
2015-05-13,452.343
2015-05-20,451.8221
2015-05-27,451.3302
2015-06-03,450.7097
2015-06-10,450.0829
2015-06-17,449.4598
2015-06-24,449.0091
2015-07-01,448.5246
2015-07-08,447.9286
2015-07-15,447.4901
2015-07-22,447.0026
2015-07-29,446.5802
2015-08-05,445.9172
2015-08-12,445.0431
2015-08-19,444.0796
2015-08-26,443.7417
2015-09-02,443.6781
2015-09-09,445.2268
2015-09-16,444.6782
2015-09-23,444.0986
2015-09-30,443.7728
2015-10-07,443.1242
2015-10-14,442.2716
2015-10-21,442.1705
2015-10-28,442.4363
2015-11-04,442.2952
2015-11-11,441.9308
2015-11-18,441.8498
2015-11-25,441.5283
2015-12-02,441.2369
2015-12-09,441.2597
2015-12-16,440.6667
2015-12-23,440.4397
2015-12-30,439.937
2016-01-06,439.4627
2016-01-13,438.7906
2016-01-20,437.1138
2016-01-27,436.8287
2016-02-03,436.4178
2016-02-10,436.041
2016-02-17,435.5418
2016-02-24,435.1813
2016-03-02,434.8936
2016-03-09,434.7099
2016-03-16,434.0778
2016-03-23,433.791
2016-03-30,433.2406
2016-04-06,432.5635
2016-04-13,431.6742
2016-04-20,431.3277
2016-04-27,431.0444
2016-05-04,430.4787
2016-05-11,430.0989
2016-05-18,429.5484
2016-05-25,429.0574
2016-06-01,428.688
2016-06-08,428.3018
2016-06-15,427.8237
2016-06-22,427.137
2016-06-29,427.0641
2016-07-06,426.892
2016-07-13,426.1465
2016-07-20,425.361
2016-07-27,425.006
2016-08-03,424.68
2016-08-10,424.1056
2016-08-17,423.4117
2016-08-24,422.7665
2016-08-31,422.5214
2016-09-07,421.5148
2016-09-14,420.5735
2016-09-21,419.9261
2016-09-28,419.716
2016-10-05,419.3984
2016-10-12,418.5613
2016-10-19,417.1261
2016-10-26,416.4286
2016-11-02,416.0007
2016-11-09,415.5978
2016-11-16,415.2298
2016-11-23,414.4223
2016-11-30,413.9247
2016-12-07,411.8701
2016-12-14,411.4216
2016-12-21,410.6096
2016-12-28,410.1619
2017-01-04,408.0892
2017-01-11,407.4175
2017-01-18,406.8499
2017-01-25,406.4856
2017-02-01,405.8358
2017-02-08,405.1145
2017-02-15,404.4636
2017-02-22,403.9519
2017-03-01,403.4061
2017-03-08,402.8611
2017-03-15,402.3757
2017-03-22,402.0405
2017-03-29,401.3168
2017-04-05,401.1543
2017-04-12,400.4798
2017-04-19,399.9015
2017-04-26,399.2179
2017-05-03,398.6827
2017-05-10,398.5706
2017-05-17,397.8616
2017-05-24,397.2729
2017-05-31,397.0794
2017-06-07,396.5055
2017-06-14,396.1356
2017-06-21,395.2863
2017-06-28,394.9763
2017-07-05,394.6061
2017-07-12,394.0168
2017-07-19,393.4453
2017-07-26,392.8332
2017-08-02,391.9899
2017-08-09,391.582
2017-08-16,390.9736
2017-08-23,390.326
2017-08-30,389.8924
2017-09-06,389.1668
2017-09-13,388.6234
2017-09-20,388.1983
2017-09-27,387.7451
2017-10-04,387.3493
2017-10-11,386.7146
2017-10-18,386.1999
2017-10-25,385.4864
2017-11-01,384.7254
2017-11-08,384.2987
2017-11-15,383.7433
2017-11-22,383.2873
2017-11-29,382.765
2017-12-06,382.4956
2017-12-13,381.8198
2017-12-20,381.3395
2017-12-27,380.941
2018-01-03,380.2626
2018-01-10,379.8031
2018-01-17,379.2867
2018-01-24,378.4827
2018-01-31,377.7779
2018-02-07,377.3462
2018-02-14,376.6183
2018-02-21,375.8391
2018-02-28,375.0297
2018-03-07,374.2184
2018-03-14,373.3477
2018-03-21,372.6743
2018-03-28,372.0022
2018-04-04,371.1833
2018-04-11,370.3632
2018-04-18,369.9524
2018-04-25,369.0507
2018-05-02,368.3346
2018-05-09,367.5849
2018-05-16,365.4923
2018-05-23,364.8033
2018-05-30,364.1836
2018-06-06,363.4583
2018-06-13,362.7315
2018-06-20,362.0881
2018-06-27,361.6766
2018-07-04,361.0025
2018-07-11,360.2881
2018-07-18,359.7751
2018-07-25,359.2833
2018-08-01,358.3905
2018-08-08,357.8021
2018-08-15,357.216
2018-08-22,356.6201
2018-08-29,356.1614
2018-09-05,355.5571
2018-09-12,354.9236
2018-09-19,354.4687
2018-09-26,353.7057
2018-10-03,353.6438
2018-10-10,353.4069
2018-10-17,352.9205
2018-10-24,352.5826
2018-10-31,352.111
2018-11-07,351.6104
2018-11-14,351.2104
2018-11-21,350.6954
2018-11-28,350.1906
2018-12-05,349.6807
2018-12-12,349.0856
2018-12-19,348.6091
2018-12-26,347.5313
2019-01-02,350.6268
2019-01-09,350.0566
2019-01-16,349.6876
2019-01-23,349.2944
2019-01-30,348.5272
2019-02-06,347.9146
2019-02-13,347.3922
2019-02-20,346.9091
2019-02-27,346.2615
2019-03-06,345.7488
2019-03-13,345.1164
2019-03-20,344.5066
2019-03-27,343.7932
2019-04-03,343.3656
2019-04-10,343.0144
2019-04-17,342.6844
2019-04-24,341.9231
2019-05-01,341.3712
2019-05-08,340.5513
2019-05-15,340.0652
2019-05-22,339.5834
2019-05-29,339.0287
2019-06-05,338.3671
2019-06-12,337.7109
2019-06-19,337.2823
2019-06-26,336.4913
2019-07-03,335.2963
2019-07-10,334.8919
2019-07-17,334.3552
2019-07-24,333.7253
2019-07-31,333.4853
2019-08-07,332.9115
2019-08-14,332.2268
2019-08-21,331.8751
2019-08-28,331.2532
2019-09-04,330.5363
2019-09-11,329.8324
2019-09-18,329.4451
2019-09-25,328.8165
2019-10-02,327.715
2019-10-09,326.6549
2019-10-16,326.4285
2019-10-23,325.8234
2019-10-30,325.0093
2019-11-06,324.9852
2019-11-13,324.1171
2019-11-20,323.4385
2019-11-27,322.5353
2019-12-04,322.1137
2019-12-11,321.5272
2019-12-18,320.65
2019-12-25,319.8314
2020-01-01,319.5974
2020-01-08,319.2324
2020-01-15,318.5617
2020-01-22,318.057
2020-01-29,317.4466
2020-02-05,317.0044
2020-02-12,316.1413
2020-02-19,315.5304
2020-02-26,315.0914
2020-03-04,314.7431
2020-03-11,315.0347
