DATE,WSAVNS
1975-01-06,135.900
1975-01-13,136.400
1975-01-20,136.500
1975-01-27,136.700
1975-02-03,136.900
1975-02-10,137.700
1975-02-17,138.200
1975-02-24,138.700
1975-03-03,139.400
1975-03-10,140.700
1975-03-17,141.700
1975-03-24,142.700
1975-03-31,143.700
1975-04-07,145.100
1975-04-14,145.500
1975-04-21,145.400
1975-04-28,145.600
1975-05-05,146.000
1975-05-12,146.900
1975-05-19,147.600
1975-05-26,148.400
1975-06-02,149.300
1975-06-09,150.700
1975-06-16,151.500
1975-06-23,152.200
1975-06-30,152.500
1975-07-07,153.400
1975-07-14,153.700
1975-07-21,153.800
1975-07-28,153.700
1975-08-04,153.600
1975-08-11,153.900
1975-08-18,153.900
1975-08-25,153.800
1975-09-01,153.800
1975-09-08,154.100
1975-09-15,154.100
1975-09-22,154.200
1975-09-29,154.600
1975-10-06,155.500
1975-10-13,155.700
1975-10-20,155.800
1975-10-27,155.800
1975-11-03,155.400
1975-11-10,155.800
1975-11-17,156.500
1975-11-24,157.200
1975-12-01,157.700
1975-12-08,158.600
1975-12-15,158.800
1975-12-22,158.800
1975-12-29,159.200
1976-01-05,160.400
1976-01-12,162.100
1976-01-19,163.400
1976-01-26,164.900
1976-02-02,166.300
1976-02-09,168.600
1976-02-16,170.000
1976-02-23,170.800
1976-03-01,171.800
1976-03-08,173.400
1976-03-15,175.000
1976-03-22,176.100
1976-03-29,177.300
1976-04-05,179.200
1976-04-12,180.100
1976-04-19,179.700
1976-04-26,180.300
1976-05-03,180.800
1976-05-10,182.000
1976-05-17,182.600
1976-05-24,183.000
1976-05-31,182.800
1976-06-07,183.200
1976-06-14,183.000
1976-06-21,182.900
1976-06-28,182.800
1976-07-05,183.700
1976-07-12,184.500
1976-07-19,184.600
1976-07-26,184.900
1976-08-02,185.100
1976-08-09,185.800
1976-08-16,186.000
1976-08-23,186.200
1976-08-30,186.600
1976-09-06,187.300
1976-09-13,187.900
1976-09-20,188.000
1976-09-27,188.700
1976-10-04,190.500
1976-10-11,191.800
1976-10-18,192.100
1976-10-25,192.900
1976-11-01,193.000
1976-11-08,194.000
1976-11-15,194.800
1976-11-22,195.600
1976-11-29,196.200
1976-12-06,197.600
1976-12-13,198.600
1976-12-20,199.200
1976-12-27,199.400
1977-01-03,201.200
1977-01-10,203.300
1977-01-17,203.700
1977-01-24,204.300
1977-01-31,204.600
1977-02-07,205.600
1977-02-14,206.300
1977-02-21,206.900
1977-02-28,207.300
1977-03-07,208.600
1977-03-14,209.800
1977-03-21,210.600
1977-03-28,211.700
1977-04-04,213.500
1977-04-11,214.400
1977-04-18,213.300
1977-04-25,213.000
1977-05-02,213.000
1977-05-09,214.100
1977-05-16,214.300
1977-05-23,214.600
1977-05-30,214.200
1977-06-06,214.800
1977-06-13,214.900
1977-06-20,214.500
1977-06-27,214.300
1977-07-04,215.200
1977-07-11,215.900
1977-07-18,215.900
1977-07-25,216.100
1977-08-01,216.200
1977-08-08,216.600
1977-08-15,216.700
1977-08-22,216.500
1977-08-29,216.300
1977-09-05,216.500
1977-09-12,216.800
1977-09-19,216.300
1977-09-26,216.300
1977-10-03,217.200
1977-10-10,218.200
1977-10-17,217.700
1977-10-24,217.400
1977-10-31,216.400
1977-11-07,216.300
1977-11-14,216.400
1977-11-21,216.200
1977-11-28,216.100
1977-12-05,216.300
1977-12-12,216.300
1977-12-19,215.600
1977-12-26,215.400
1978-01-02,216.800
1978-01-09,218.200
1978-01-16,218.400
1978-01-23,218.100
1978-01-30,217.800
1978-02-06,218.200
1978-02-13,218.700
1978-02-20,218.800
1978-02-27,218.900
1978-03-06,219.500
1978-03-13,220.400
1978-03-20,221.000
1978-03-27,221.600
1978-04-03,222.900
1978-04-10,223.900
1978-04-17,222.800
1978-04-24,221.900
1978-05-01,221.700
1978-05-08,222.500
1978-05-15,222.900
1978-05-22,223.300
1978-05-29,223.500
1978-06-05,223.800
1978-06-12,223.600
1978-06-19,223.000
1978-06-26,222.800
1978-07-03,223.300
1978-07-10,223.700
1978-07-17,222.900
1978-07-24,222.500
1978-07-31,221.900
1978-08-07,222.200
1978-08-14,222.300
1978-08-21,222.200
1978-08-28,222.100
1978-09-04,222.300
1978-09-11,222.500
1978-09-18,221.900
1978-09-25,221.700
1978-10-02,222.600
1978-10-09,223.200
1978-10-16,222.500
1978-10-23,221.900
1978-10-30,220.700
1978-11-06,219.300
1978-11-13,218.500
1978-11-20,217.200
1978-11-27,216.400
1978-12-04,215.700
1978-12-11,215.100
1978-12-18,213.700
1978-12-25,212.800
1979-01-01,213.100
1979-01-08,213.300
1979-01-15,212.000
1979-01-22,211.000
1979-01-29,209.900
1979-02-05,209.200
1979-02-12,209.300
1979-02-19,208.900
1979-02-26,208.600
1979-03-05,208.200
1979-03-12,208.900
1979-03-19,208.700
1979-03-26,209.200
1979-04-02,209.900
1979-04-09,211.000
1979-04-16,209.300
1979-04-23,208.000
1979-04-30,207.200
1979-05-07,207.600
1979-05-14,207.500
1979-05-21,207.500
1979-05-28,207.500
1979-06-04,207.600
1979-06-11,208.200
1979-06-18,207.600
1979-06-25,207.600
1979-07-02,207.900
1979-07-09,209.200
1979-07-16,209.200
1979-07-23,208.900
1979-07-30,208.300
1979-08-06,208.400
1979-08-13,208.600
1979-08-20,208.200
1979-08-27,207.800
1979-09-03,207.100
1979-09-10,207.500
1979-09-17,206.200
1979-09-24,205.100
1979-10-01,204.400
1979-10-08,205.400
1979-10-15,204.300
1979-10-22,202.500
1979-10-29,200.100
1979-11-05,197.000
1979-11-12,196.200
1979-11-19,195.100
1979-11-26,194.400
1979-12-03,193.200
1979-12-10,193.500
1979-12-17,192.600
1979-12-24,191.700
1979-12-31,191.500
1980-01-07,192.900
1980-01-14,192.100
1980-01-21,190.800
1980-01-28,192.200
1980-02-04,189.000
1980-02-11,188.600
1980-02-18,187.900
1980-02-25,187.100
1980-03-03,186.100
1980-03-10,185.500
1980-03-17,184.200
1980-03-24,183.000
1980-03-31,182.500
1980-04-07,181.900
1980-04-14,180.100
1980-04-21,177.200
1980-04-28,176.200
1980-05-05,176.300
1980-05-12,176.900
1980-05-19,177.800
1980-05-26,178.200
1980-06-02,179.200
1980-06-09,181.200
1980-06-16,181.900
1980-06-23,182.800
1980-06-30,184.100
1980-07-07,186.900
1980-07-14,188.400
1980-07-21,189.100
1980-07-28,189.600
1980-08-04,190.600
1980-08-11,191.600
1980-08-18,191.500
1980-08-25,192.100
1980-09-01,192.000
1980-09-08,192.800
1980-09-15,192.600
1980-09-22,192.400
1980-09-29,192.500
1980-10-06,194.800
1980-10-13,194.100
1980-10-20,193.500
1980-10-27,193.200
1980-11-03,418.6
1980-11-10,417.0
1980-11-17,411.8
1980-11-24,408.7
1980-12-01,406.7
1980-12-08,405.2
1980-12-15,401.0
1980-12-22,395.6
1980-12-29,388.1
1981-01-05,387.1
1981-01-12,384.2
1981-01-19,380.9
1981-01-26,377.5
1981-02-02,374.5
1981-02-09,374.1
1981-02-16,373.3
1981-02-23,371.8
1981-03-02,369.5
1981-03-09,371.7
1981-03-16,371.3
1981-03-23,371.8
1981-03-30,374.6
1981-04-06,378.8
1981-04-13,378.2
1981-04-20,372.5
1981-04-27,371.2
1981-05-04,371.9
1981-05-11,371.3
1981-05-18,368.4
1981-05-25,366.0
1981-06-01,364.7
1981-06-08,364.5
1981-06-15,363.3
1981-06-22,361.9
1981-06-29,363.1
1981-07-06,367.3
1981-07-13,366.4
1981-07-20,364.1
1981-07-27,361.0
1981-08-03,359.2
1981-08-10,357.4
1981-08-17,354.7
1981-08-24,352.0
1981-08-31,349.7
1981-09-07,349.5
1981-09-14,348.1
1981-09-21,345.6
1981-09-28,345.3
1981-10-05,347.2
1981-10-12,344.6
1981-10-19,343.0
1981-10-26,341.2
1981-11-02,340.2
1981-11-09,341.0
1981-11-16,341.0
1981-11-23,339.8
1981-11-30,339.8
1981-12-07,341.7
1981-12-14,341.3
1981-12-21,340.2
1981-12-28,340.5
1982-01-04,345.3
1982-01-11,347.0
1982-01-18,345.7
1982-01-25,344.3
1982-02-01,343.9
1982-02-08,344.6
1982-02-15,343.6
1982-02-22,342.5
1982-03-01,341.8
1982-03-08,343.7
1982-03-15,344.2
1982-03-22,344.4
1982-03-29,345.4
1982-04-05,349.7
1982-04-12,349.6
1982-04-19,345.2
1982-04-26,343.7
1982-05-03,344.5
1982-05-10,345.8
1982-05-17,345.8
1982-05-24,345.6
1982-05-31,345.7
1982-06-07,347.8
1982-06-14,346.9
1982-06-21,345.4
1982-06-28,344.6
1982-07-05,347.7
1982-07-12,347.6
1982-07-19,345.9
1982-07-26,344.4
1982-08-02,343.7
1982-08-09,344.9
1982-08-16,344.5
1982-08-23,343.5
1982-08-30,342.8
1982-09-06,344.6
1982-09-13,345.4
1982-09-20,344.6
1982-09-27,344.5
1982-10-04,350.3
1982-10-11,354.6
1982-10-18,354.5
1982-10-25,354.5
1982-11-01,355.7
1982-11-08,359.3
1982-11-15,360.1
1982-11-22,360.2
1982-11-29,360.6
1982-12-06,363.5
1982-12-13,364.6
1982-12-20,399.6
1982-12-27,426.4
1983-01-03,454.6
1983-01-10,490.9
1983-01-17,519.5
1983-01-24,541.0
1983-01-31,560.7
1983-02-07,581.6
1983-02-14,596.0
1983-02-21,606.7
1983-02-28,616.9
1983-03-07,628.9
1983-03-14,638.3
1983-03-21,644.7
1983-03-28,648.8
1983-04-04,656.5
1983-04-11,663.2
1983-04-18,663.0
1983-04-25,663.2
1983-05-02,668.2
1983-05-09,673.8
1983-05-16,678.3
1983-05-23,682.2
1983-05-30,685.1
1983-06-06,690.7
1983-06-13,692.0
1983-06-20,689.8
1983-06-27,688.2
1983-07-04,692.2
1983-07-11,694.3
1983-07-18,692.9
1983-07-25,691.3
1983-08-01,689.8
1983-08-08,689.9
1983-08-15,688.0
1983-08-22,685.0
1983-08-29,682.7
1983-09-05,684.0
1983-09-12,684.6
1983-09-19,683.1
1983-09-26,682.6
1983-10-03,686.9
1983-10-10,688.0
1983-10-17,684.5
1983-10-24,681.8
1983-10-31,680.4
1983-11-07,682.4
1983-11-14,682.9
1983-11-21,682.2
1983-11-28,681.9
1983-12-05,683.7
1983-12-12,683.7
1983-12-19,681.4
1983-12-26,679.9
1984-01-02,684.1
1984-01-09,688.7
1984-01-16,687.8
1984-01-23,685.9
1984-01-30,683.1
1984-02-06,688.3
1984-02-13,690.0
1984-02-20,691.1
1984-02-27,691.4
1984-03-05,695.3
1984-03-12,698.2
1984-03-19,699.4
1984-03-26,700.4
1984-04-02,705.1
1984-04-09,709.5
1984-04-16,707.4
1984-04-23,702.4
1984-04-30,699.4
1984-05-07,701.8
1984-05-14,703.2
1984-05-21,703.0
1984-05-28,701.4
1984-06-04,703.8
1984-06-11,704.3
1984-06-18,701.1
1984-06-25,697.1
1984-07-02,698.7
1984-07-09,700.7
1984-07-16,698.2
1984-07-23,694.9
1984-07-30,691.2
1984-08-06,690.0
1984-08-13,687.4
1984-08-20,684.3
1984-08-27,681.9
1984-09-03,682.3
1984-09-10,684.7
1984-09-17,682.9
1984-09-24,679.9
1984-10-01,681.4
1984-10-08,684.8
1984-10-15,685.4
1984-10-22,684.2
1984-10-29,684.3
1984-11-05,688.0
1984-11-12,691.4
1984-11-19,692.4
1984-11-26,693.6
1984-12-03,696.5
1984-12-10,700.7
1984-12-17,701.5
1984-12-24,702.0
1984-12-31,706.3
1985-01-07,716.0
1985-01-14,720.8
1985-01-21,722.1
1985-01-28,723.7
1985-02-04,728.9
1985-02-11,733.7
1985-02-18,736.0
1985-02-25,737.8
1985-03-04,742.8
1985-03-11,746.1
1985-03-18,747.0
1985-03-25,747.0
1985-04-01,750.3
1985-04-08,755.2
1985-04-15,753.7
1985-04-22,748.3
1985-04-29,746.0
1985-05-06,750.0
1985-05-13,753.9
1985-05-20,756.3
1985-05-27,757.9
1985-06-03,762.7
1985-06-10,769.3
1985-06-17,771.0
1985-06-24,770.8
1985-07-01,774.5
1985-07-08,780.9
1985-07-15,783.2
1985-07-22,784.0
1985-07-29,784.7
1985-08-05,788.0
1985-08-12,790.4
1985-08-19,791.0
1985-08-26,791.1
1985-09-02,792.2
1985-09-09,796.1
1985-09-16,796.8
1985-09-23,794.4
1985-09-30,795.7
1985-10-07,802.4
1985-10-14,804.7
1985-10-21,805.1
1985-10-28,804.7
1985-11-04,808.0
1985-11-11,810.7
1985-11-18,811.4
1985-11-25,811.2
1985-12-02,811.9
1985-12-09,814.6
1985-12-16,813.6
1985-12-23,811.2
1985-12-30,811.9
1986-01-06,821.1
1986-01-13,820.1
1986-01-20,817.8
1986-01-27,815.6
1986-02-03,815.5
1986-02-10,818.5
1986-02-17,818.6
1986-02-24,819.6
1986-03-03,821.2
1986-03-10,824.8
1986-03-17,826.3
1986-03-24,827.0
1986-03-31,829.7
1986-04-07,838.5
1986-04-14,839.5
1986-04-21,835.4
1986-04-28,834.6
1986-05-05,839.7
1986-05-12,845.5
1986-05-19,849.5
1986-05-26,852.7
1986-06-02,856.8
1986-06-09,864.2
1986-06-16,866.4
1986-06-23,865.5
1986-06-30,866.9
1986-07-07,875.6
1986-07-14,878.2
1986-07-21,879.4
1986-07-28,879.8
1986-08-04,883.5
1986-08-11,887.7
1986-08-18,889.9
1986-08-25,890.4
1986-09-01,892.7
1986-09-08,899.4
1986-09-15,902.0
1986-09-22,901.5
1986-09-29,902.5
1986-10-06,912.2
1986-10-13,917.7
1986-10-20,919.7
1986-10-27,920.1
1986-11-03,923.4
1986-11-10,928.2
1986-11-17,930.9
1986-11-24,931.7
1986-12-01,934.1
1986-12-08,938.2
1986-12-15,939.0
1986-12-22,937.4
1986-12-29,939.6
1987-01-05,950.3
1987-01-12,954.9
1987-01-19,952.5
1987-01-26,951.2
1987-02-02,950.8
1987-02-09,955.7
1987-02-16,956.8
1987-02-23,957.8
1987-03-02,959.2
1987-03-09,964.8
1987-03-16,966.6
1987-03-23,966.7
1987-03-30,968.0
1987-04-06,977.0
1987-04-13,978.4
1987-04-20,970.4
1987-04-27,965.7
1987-05-04,966.5
1987-05-11,969.5
1987-05-18,970.6
1987-05-25,970.7
1987-06-01,972.0
1987-06-08,975.7
1987-06-15,974.2
1987-06-22,969.4
1987-06-29,966.5
1987-07-06,972.7
1987-07-13,972.3
1987-07-20,970.2
1987-07-27,966.9
1987-08-03,966.1
1987-08-10,967.3
1987-08-17,965.0
1987-08-24,962.1
1987-08-31,959.5
1987-09-07,962.6
1987-09-14,963.1
1987-09-21,957.4
1987-09-28,953.5
1987-10-05,956.9
1987-10-12,956.7
1987-10-19,953.7
1987-10-26,949.8
1987-11-02,945.2
1987-11-09,944.2
1987-11-16,942.7
1987-11-23,940.5
1987-11-30,938.9
1987-12-07,940.9
1987-12-14,938.9
1987-12-21,934.4
1987-12-28,930.9
1988-01-04,936.4
1988-01-11,939.6
1988-01-18,936.8
1988-01-25,933.5
1988-02-01,932.1
1988-02-08,934.9
1988-02-15,935.0
1988-02-22,935.3
1988-02-29,934.5
1988-03-07,939.7
1988-03-14,942.7
1988-03-21,943.5
1988-03-28,943.6
1988-04-04,950.3
1988-04-11,954.0
1988-04-18,947.6
1988-04-25,940.2
1988-05-02,939.3
1988-05-09,944.0
1988-05-16,946.2
1988-05-23,947.8
1988-05-30,947.4
1988-06-06,954.2
1988-06-13,955.7
1988-06-20,952.7
1988-06-27,950.7
1988-07-04,955.7
1988-07-11,957.4
1988-07-18,956.2
1988-07-25,952.8
1988-08-01,951.0
1988-08-08,952.1
1988-08-15,950.5
1988-08-22,946.7
1988-08-29,942.2
1988-09-05,943.1
1988-09-12,942.6
1988-09-19,937.4
1988-09-26,932.0
1988-10-03,933.2
1988-10-10,936.7
1988-10-17,936.8
1988-10-24,931.6
1988-10-31,929.7
1988-11-07,936.3
1988-11-14,935.8
1988-11-21,933.3
1988-11-28,929.6
1988-12-05,930.2
1988-12-12,929.4
1988-12-19,925.9
1988-12-26,921.0
1989-01-02,922.0
1989-01-09,925.0
1989-01-16,918.7
1989-01-23,911.7
1989-01-30,903.9
1989-02-06,904.8
1989-02-13,903.3
1989-02-20,899.9
1989-02-27,897.2
1989-03-06,898.1
1989-03-13,898.5
1989-03-20,895.9
1989-03-27,892.4
1989-04-03,894.8
1989-04-10,895.7
1989-04-17,887.1
1989-04-24,873.5
1989-05-01,866.7
1989-05-08,865.0
1989-05-15,863.9
1989-05-22,861.5
1989-05-29,858.9
1989-06-05,863.4
1989-06-12,865.3
1989-06-19,861.7
1989-06-26,857.8
1989-07-03,861.8
1989-07-10,868.2
1989-07-17,866.7
1989-07-24,864.2
1989-07-31,863.6
1989-08-07,868.7
1989-08-14,870.7
1989-08-21,869.2
1989-08-28,867.4
1989-09-04,871.5
1989-09-11,874.8
1989-09-18,873.8
1989-09-25,868.8
1989-10-02,872.4
1989-10-09,879.1
1989-10-16,880.6
1989-10-23,879.8
1989-10-30,879.1
1989-11-06,887.0
1989-11-13,890.3
1989-11-20,890.1
1989-11-27,888.9
1989-12-04,893.1
1989-12-11,895.4
1989-12-18,894.5
1989-12-25,890.4
1990-01-01,893.9
1990-01-08,901.2
1990-01-15,900.2
1990-01-22,896.5
1990-01-29,892.4
1990-02-05,897.2
1990-02-12,901.0
1990-02-19,902.1
1990-02-26,900.8
1990-03-05,905.1
1990-03-12,909.6
1990-03-19,911.3
1990-03-26,910.9
1990-04-02,915.8
1990-04-09,922.6
1990-04-16,919.7
1990-04-23,909.2
1990-04-30,905.9
1990-05-07,908.8
1990-05-14,911.8
1990-05-21,911.8
1990-05-28,910.3
1990-06-04,915.8
1990-06-11,919.7
1990-06-18,918.9
1990-06-25,913.4
1990-07-02,915.7
1990-07-09,922.4
1990-07-16,922.5
1990-07-23,918.7
1990-07-30,916.2
1990-08-06,920.5
1990-08-13,923.0
1990-08-20,923.8
1990-08-27,920.5
1990-09-03,922.5
1990-09-10,926.1
1990-09-17,923.4
1990-09-24,917.5
1990-10-01,918.0
1990-10-08,923.6
1990-10-15,924.4
1990-10-22,921.2
1990-10-29,918.9
1990-11-05,922.7
1990-11-12,925.8
1990-11-19,925.9
1990-11-26,923.0
1990-12-03,923.4
1990-12-10,925.9
1990-12-17,924.6
1990-12-24,918.3
1990-12-31,917.8
1991-01-07,925.6
1991-01-14,925.5
1991-01-21,922.2
1991-01-28,919.8
1991-02-04,924.0
1991-02-11,929.5
1991-02-18,931.3
1991-02-25,931.5
1991-03-04,937.1
1991-03-11,944.4
1991-03-18,949.3
1991-03-25,949.8
1991-04-01,954.5
1991-04-08,964.4
1991-04-15,966.0
1991-04-22,957.4
1991-04-29,954.9
1991-05-06,962.2
1991-05-13,969.3
1991-05-20,972.1
1991-05-27,972.7
1991-06-03,978.0
1991-06-10,987.4
1991-06-17,989.0
1991-06-24,983.4
1991-07-01,985.6
1991-07-08,995.0
1991-07-15,998.5
1991-07-22,995.4
1991-07-29,994.1
1991-08-05,998.1
1991-08-12,1002.5
1991-08-19,1002.6
1991-08-26,1000.4
1991-09-02,1001.5
1991-09-09,1008.4
1991-09-16,1008.6
1991-09-23,1004.2
1991-09-30,1003.4
1991-10-07,1014.2
1991-10-14,1019.3
1991-10-21,1019.0
1991-10-28,1019.6
1991-11-04,1025.7
1991-11-11,1032.1
1991-11-18,1035.6
1991-11-25,1034.2
1991-12-02,1036.4
1991-12-09,1044.3
1991-12-16,1047.0
1991-12-23,1041.3
1991-12-30,1040.7
1992-01-06,1051.5
1992-01-13,1060.3
1992-01-20,1061.0
1992-01-27,1060.7
1992-02-03,1066.9
1992-02-10,1078.8
1992-02-17,1084.1
1992-02-24,1084.2
1992-03-02,1088.8
1992-03-09,1100.6
1992-03-16,1106.2
1992-03-23,1104.9
1992-03-30,1108.0
1992-04-06,1121.0
1992-04-13,1127.6
1992-04-20,1118.0
1992-04-27,1111.9
1992-05-04,1116.8
1992-05-11,1125.5
1992-05-18,1129.1
1992-05-25,1124.9
1992-06-01,1127.7
1992-06-08,1138.2
1992-06-15,1141.1
1992-06-22,1133.9
1992-06-29,1129.6
1992-07-06,1141.3
1992-07-13,1146.6
1992-07-20,1144.4
1992-07-27,1142.6
1992-08-03,1145.2
1992-08-10,1153.4
1992-08-17,1155.6
1992-08-24,1152.8
1992-08-31,1152.9
1992-09-07,1162.8
1992-09-14,1166.6
1992-09-21,1163.1
1992-09-28,1159.9
1992-10-05,1168.3
1992-10-12,1176.7
1992-10-19,1175.7
1992-10-26,1172.8
1992-11-02,1176.4
1992-11-09,1188.0
1992-11-16,1190.2
1992-11-23,1183.6
1992-11-30,1181.7
1992-12-07,1189.7
1992-12-14,1192.4
1992-12-21,1183.3
1992-12-28,1178.0
1993-01-04,1183.7
1993-01-11,1190.1
1993-01-18,1184.3
1993-01-25,1175.9
1993-02-01,1173.9
1993-02-08,1182.7
1993-02-15,1185.7
1993-02-22,1182.9
1993-03-01,1180.7
1993-03-08,1187.8
1993-03-15,1190.8
1993-03-22,1188.0
1993-03-29,1187.8
1993-04-05,1196.7
1993-04-12,1203.3
1993-04-19,1192.0
1993-04-26,1184.6
1993-05-03,1189.2
1993-05-10,1201.3
1993-05-17,1203.8
1993-05-24,1198.1
1993-05-31,1200.1
1993-06-07,1213.2
1993-06-14,1216.7
1993-06-21,1206.1
1993-06-28,1200.9
1993-07-05,1208.3
1993-07-12,1215.6
1993-07-19,1210.8
1993-07-26,1204.5
1993-08-02,1205.9
1993-08-09,1215.6
1993-08-16,1215.9
1993-08-23,1209.2
1993-08-30,1206.3
1993-09-06,1214.7
1993-09-13,1219.1
1993-09-20,1209.6
1993-09-27,1204.0
1993-10-04,1208.4
1993-10-11,1217.6
1993-10-18,1214.6
1993-10-25,1207.8
1993-11-01,1210.7
1993-11-08,1222.0
1993-11-15,1224.4
1993-11-22,1216.8
1993-11-29,1213.7
1993-12-06,1222.5
1993-12-13,1225.7
1993-12-20,1215.8
1993-12-27,1210.8
1994-01-03,1212.0
1994-01-10,1222.0
1994-01-17,1225.2
1994-01-24,1215.3
1994-01-31,1210.8
1994-02-07,1219.7
1994-02-14,1223.7
1994-02-21,1218.7
1994-02-28,1216.4
1994-03-07,1225.6
1994-03-14,1231.0
1994-03-21,1227.3
1994-03-28,1225.3
1994-04-04,1234.8
1994-04-11,1239.7
1994-04-18,1229.5
1994-04-25,1217.5
1994-05-02,1216.3
1994-05-09,1223.4
1994-05-16,1223.6
1994-05-23,1219.9
1994-05-30,1216.8
1994-06-06,1221.5
1994-06-13,1221.9
1994-06-20,1213.7
1994-06-27,1209.7
1994-07-04,1212.6
1994-07-11,1216.7
1994-07-18,1213.6
1994-07-25,1207.3
1994-08-01,1204.4
1994-08-08,1207.8
1994-08-15,1205.5
1994-08-22,1200.1
1994-08-29,1195.3
1994-09-05,1198.4
1994-09-12,1199.5
1994-09-19,1190.8
1994-09-26,1182.9
1994-10-03,1180.8
1994-10-10,1185.6
1994-10-17,1182.6
1994-10-24,1174.9
1994-10-31,1170.2
1994-11-07,1174.4
1994-11-14,1172.9
1994-11-21,1167.4
1994-11-28,1161.9
1994-12-05,1160.9
1994-12-12,1157.6
1994-12-19,1149.3
1994-12-26,1141.9
1995-01-02,1138.7
1995-01-09,1141.7
1995-01-16,1135.9
1995-01-23,1126.0
1995-01-30,1117.7
1995-02-06,1119.2
1995-02-13,1117.7
1995-02-20,1111.8
1995-02-27,1104.5
1995-03-06,1105.3
1995-03-13,1105.7
1995-03-20,1102.4
1995-03-27,1098.5
1995-04-03,1098.8
1995-04-10,1104.1
1995-04-17,1097.5
1995-04-24,1084.3
1995-05-01,1079.8
1995-05-08,1088.2
1995-05-15,1089.8
1995-05-22,1088.6
1995-05-29,1091.1
1995-06-05,1102.1
1995-06-12,1107.5
1995-06-19,1102.0
1995-06-26,1096.4
1995-07-03,1097.0
1995-07-10,1104.9
1995-07-17,1104.5
1995-07-24,1099.9
1995-07-31,1097.5
1995-08-07,1108.3
1995-08-14,1110.0
1995-08-21,1107.5
1995-08-28,1105.0
1995-09-04,1109.6
1995-09-11,1115.1
1995-09-18,1113.9
1995-09-25,1109.8
1995-10-02,1113.6
1995-10-09,1126.4
1995-10-16,1122.6
1995-10-23,1116.2
1995-10-30,1113.6
1995-11-06,1124.5
1995-11-13,1129.9
1995-11-20,1127.1
1995-11-27,1122.9
1995-12-04,1131.0
1995-12-11,1138.4
1995-12-18,1135.8
1995-12-25,1130.4
1996-01-01,1133.6
1996-01-08,1151.6
1996-01-15,1156.2
1996-01-22,1145.6
1996-01-29,1138.0
1996-02-05,1149.3
1996-02-12,1158.4
1996-02-19,1161.5
1996-02-26,1154.9
1996-03-04,1168.0
1996-03-11,1179.5
1996-03-18,1181.3
1996-03-25,1175.7
1996-04-01,1182.5
1996-04-08,1204.6
1996-04-15,1201.8
1996-04-22,1187.2
1996-04-29,1176.8
1996-05-06,1190.1
1996-05-13,1195.8
1996-05-20,1195.1
1996-05-27,1196.0
1996-06-03,1199.8
1996-06-10,1217.8
1996-06-17,1214.1
1996-06-24,1201.5
1996-07-01,1203.9
1996-07-08,1225.2
1996-07-15,1222.1
1996-07-22,1214.8
1996-07-29,1209.0
1996-08-05,1226.0
1996-08-12,1232.6
1996-08-19,1230.6
1996-08-26,1223.8
1996-09-02,1224.8
1996-09-09,1245.3
1996-09-16,1242.7
1996-09-23,1228.8
1996-09-30,1222.4
1996-10-07,1253.8
1996-10-14,1256.5
1996-10-21,1248.9
1996-10-28,1239.6
1996-11-04,1253.5
1996-11-11,1269.7
1996-11-18,1265.8
1996-11-25,1255.6
1996-12-02,1261.7
1996-12-09,1282.5
1996-12-16,1278.0
1996-12-23,1267.7
1996-12-30,1260.3
1997-01-06,1286.7
1997-01-13,1289.2
1997-01-20,1283.0
1997-01-27,1263.7
1997-02-03,1265.4
1997-02-10,1290.1
1997-02-17,1290.2
1997-02-24,1279.5
1997-03-03,1287.8
1997-03-10,1317.6
1997-03-17,1314.8
1997-03-24,1305.3
1997-03-31,1300.6
1997-04-07,1341.9
1997-04-14,1346.6
1997-04-21,1328.9
1997-04-28,1299.8
1997-05-05,1317.3
1997-05-12,1328.1
1997-05-19,1322.0
1997-05-26,1316.1
1997-06-02,1316.6
1997-06-09,1349.5
1997-06-16,1343.4
1997-06-23,1325.1
1997-06-30,1313.3
1997-07-07,1352.5
1997-07-14,1348.9
1997-07-21,1336.1
1997-07-28,1322.9
1997-08-04,1341.1
1997-08-11,1358.6
1997-08-18,1353.6
1997-08-25,1340.1
1997-09-01,1337.9
1997-09-08,1376.1
1997-09-15,1377.3
1997-09-22,1357.5
1997-09-29,1340.0
1997-10-06,1376.5
1997-10-13,1385.4
1997-10-20,1378.2
1997-10-27,1362.2
1997-11-03,1363.9
1997-11-10,1397.8
1997-11-17,1395.6
1997-11-24,1378.9
1997-12-01,1383.0
1997-12-08,1412.2
1997-12-15,1406.1
1997-12-22,1395.6
1997-12-29,1383.7
1998-01-05,1412.3
1998-01-12,1426.1
1998-01-19,1415.9
1998-01-26,1391.6
1998-02-02,1392.2
1998-02-09,1430.9
1998-02-16,1430.5
1998-02-23,1420.2
1998-03-02,1426.1
1998-03-09,1462.2
1998-03-16,1461.1
1998-03-23,1446.8
1998-03-30,1439.3
1998-04-06,1490.1
1998-04-13,1499.6
1998-04-20,1486.7
1998-04-27,1451.7
1998-05-04,1462.4
1998-05-11,1481.8
1998-05-18,1476.5
1998-05-25,1465.6
1998-06-01,1469.5
1998-06-08,1509.4
1998-06-15,1505.7
1998-06-22,1487.0
1998-06-29,1468.8
1998-07-06,1517.7
1998-07-13,1522.7
1998-07-20,1511.8
1998-07-27,1493.9
1998-08-03,1502.0
1998-08-10,1542.3
1998-08-17,1535.4
1998-08-24,1515.5
1998-08-31,1506.4
1998-09-07,1562.9
1998-09-14,1558.3
1998-09-21,1534.8
1998-09-28,1510.0
1998-10-05,1551.7
1998-10-12,1569.0
1998-10-19,1559.8
1998-10-26,1539.4
1998-11-02,1545.1
1998-11-09,1594.7
1998-11-16,1594.7
1998-11-23,1571.7
1998-11-30,1561.6
1998-12-07,1617.8
1998-12-14,1615.8
1998-12-21,1598.8
1998-12-28,1584.1
1999-01-04,1602.1
1999-01-11,1645.2
1999-01-18,1631.5
1999-01-25,1597.5
1999-02-01,1594.4
1999-02-08,1641.7
1999-02-15,1640.2
1999-02-22,1622.7
1999-03-01,1624.4
1999-03-08,1668.4
1999-03-15,1666.2
1999-03-22,1650.1
1999-03-29,1633.7
1999-04-05,1686.4
1999-04-12,1705.0
1999-04-19,1698.0
1999-04-26,1659.6
1999-05-03,1645.3
1999-05-10,1695.4
1999-05-17,1691.9
1999-05-24,1670.8
1999-05-31,1674.0
1999-06-07,1727.4
1999-06-14,1721.2
1999-06-21,1700.9
1999-06-28,1673.1
1999-07-05,1724.9
1999-07-12,1737.1
1999-07-19,1723.7
1999-07-26,1702.9
1999-08-02,1708.5
1999-08-09,1747.2
1999-08-16,1740.2
1999-08-23,1720.1
1999-08-30,1710.0
1999-09-06,1760.0
1999-09-13,1761.7
1999-09-20,1738.2
1999-09-27,1705.6
1999-10-04,1734.1
1999-10-11,1754.7
1999-10-18,1746.5
1999-10-25,1719.6
1999-11-01,1721.0
1999-11-08,1758.4
1999-11-15,1757.7
1999-11-22,1734.3
1999-11-29,1717.8
1999-12-06,1762.1
1999-12-13,1757.9
1999-12-20,1743.6
1999-12-27,1716.0
2000-01-03,1713.1
2000-01-10,1759.7
2000-01-17,1752.1
2000-01-24,1724.1
2000-01-31,1705.8
2000-02-07,1761.1
2000-02-14,1752.7
2000-02-21,1738.0
2000-02-28,1722.6
2000-03-06,1775.0
2000-03-13,1780.4
2000-03-20,1771.3
2000-03-27,1748.8
2000-04-03,1763.1
2000-04-10,1821.5
2000-04-17,1823.0
2000-04-24,1788.8
2000-05-01,1762.7
2000-05-08,1791.8
2000-05-15,1783.6
2000-05-22,1764.0
2000-05-29,1748.7
2000-06-05,1802.7
2000-06-12,1809.5
2000-06-19,1790.3
2000-06-26,1755.9
2000-07-03,1768.2
2000-07-10,1823.8
2000-07-17,1814.2
2000-07-24,1785.7
2000-07-31,1774.3
2000-08-07,1837.8
2000-08-14,1828.2
2000-08-21,1809.7
2000-08-28,1784.5
2000-09-04,1830.9
2000-09-11,1863.8
2000-09-18,1849.1
2000-09-25,1805.2
2000-10-02,1813.6
2000-10-09,1866.2
2000-10-16,1857.0
2000-10-23,1819.5
2000-10-30,1797.5
2000-11-06,1869.4
2000-11-13,1872.8
2000-11-20,1855.5
2000-11-27,1828.7
2000-12-04,1870.7
2000-12-11,1896.0
2000-12-18,1888.4
2000-12-25,1863.6
2001-01-01,1869.1
2001-01-08,1930.7
2001-01-15,1919.9
2001-01-22,1881.4
2001-01-29,1840.7
2001-02-05,1907.3
2001-02-12,1926.6
2001-02-19,1922.3
2001-02-26,1908.8
2001-03-05,1969.3
2001-03-12,1988.9
2001-03-19,1976.8
2001-03-26,1952.0
2001-04-02,1976.8
2001-04-09,2057.2
2001-04-16,2063.4
2001-04-23,2019.8
2001-04-30,1968.8
2001-05-07,2042.7
2001-05-14,2038.1
2001-05-21,2019.4
2001-05-28,1998.1
2001-06-04,2061.3
2001-06-11,2091.4
2001-06-18,2081.3
2001-06-25,2031.5
2001-07-02,2049.5
2001-07-09,2118.7
2001-07-16,2105.5
2001-07-23,2069.4
2001-07-30,2055.6
2001-08-06,2140.8
2001-08-13,2143.9
2001-08-20,2125.7
2001-08-27,2095.0
2001-09-03,2115.1
2001-09-10,2197.7
2001-09-17,2232.2
2001-09-24,2166.2
2001-10-01,2156.9
2001-10-08,2223.6
2001-10-15,2225.6
2001-10-22,2190.4
2001-10-29,2166.8
2001-11-05,2251.3
2001-11-12,2277.8
2001-11-19,2274.1
2001-11-26,2246.6
2001-12-03,2268.3
2001-12-10,2337.2
2001-12-17,2340.6
2001-12-24,2299.7
2001-12-31,2288.8
2002-01-07,2369.9
2002-01-14,2364.1
2002-01-21,2335.6
2002-01-28,2298.8
2002-02-04,2356.9
2002-02-11,2397.3
2002-02-18,2386.9
2002-02-25,2369.0
2002-03-04,2418.4
2002-03-11,2452.5
2002-03-18,2445.9
2002-03-25,2402.4
2002-04-01,2432.8
2002-04-08,2508.7
2002-04-15,2520.4
2002-04-22,2470.1
2002-04-29,2405.9
2002-05-06,2492.9
2002-05-13,2506.1
2002-05-20,2488.6
2002-05-27,2454.3
2002-06-03,2476.1
2002-06-10,2553.1
2002-06-17,2552.6
2002-06-24,2491.2
2002-07-01,2498.6
2002-07-08,2581.7
2002-07-15,2573.5
2002-07-22,2532.9
2002-07-29,2506.5
2002-08-05,2617.3
2002-08-12,2638.7
2002-08-19,2619.1
2002-08-26,2573.7
2002-09-02,2584.0
2002-09-09,2700.0
2002-09-16,2699.1
2002-09-23,2631.4
2002-09-30,2604.1
2002-10-07,2721.3
2002-10-14,2720.0
2002-10-21,2690.9
2002-10-28,2643.9
2002-11-04,2726.3
2002-11-11,2777.7
2002-11-18,2785.4
2002-11-25,2718.1
2002-12-02,2736.4
2002-12-09,2806.2
2002-12-16,2812.3
2002-12-23,2758.3
2002-12-30,2728.1
2003-01-06,2829.1
2003-01-13,2839.8
2003-01-20,2805.5
2003-01-27,2743.8
2003-02-03,2757.0
2003-02-10,2855.7
2003-02-17,2860.6
2003-02-24,2806.9
2003-03-03,2829.0
2003-03-10,2907.6
2003-03-17,2914.5
2003-03-24,2852.0
2003-03-31,2849.4
2003-04-07,2975.8
2003-04-14,2979.5
2003-04-21,2931.6
2003-04-28,2880.1
2003-05-05,2968.8
2003-05-12,2988.8
2003-05-19,2958.8
2003-05-26,2912.8
2003-06-02,2946.1
2003-06-09,3031.4
2003-06-16,3039.7
2003-06-23,2980.3
2003-06-30,2966.3
2003-07-07,3110.4
2003-07-14,3094.3
2003-07-21,3047.1
2003-07-28,3009.9
2003-08-04,3108.0
2003-08-11,3157.4
2003-08-18,3154.1
2003-08-25,3063.6
2003-09-01,3076.7
2003-09-08,3180.4
2003-09-15,3171.4
2003-09-22,3091.7
2003-09-29,3037.3
2003-10-06,3158.0
2003-10-13,3168.4
2003-10-20,3140.9
2003-10-27,3072.9
2003-11-03,3095.4
2003-11-10,3199.4
2003-11-17,3208.8
2003-11-24,3131.3
2003-12-01,3146.0
2003-12-08,3206.6
2003-12-15,3196.6
2003-12-22,3149.2
2003-12-29,3103.1
2004-01-05,3184.7
2004-01-12,3217.7
2004-01-19,3179.9
2004-01-26,3117.0
2004-02-02,3131.1
2004-02-09,3215.3
2004-02-16,3222.8
2004-02-23,3189.9
2004-03-01,3206.4
2004-03-08,3291.7
2004-03-15,3293.9
2004-03-22,3251.0
2004-03-29,3215.1
2004-04-05,3347.7
2004-04-12,3394.0
2004-04-19,3360.6
2004-04-26,3275.9
2004-05-03,3294.7
2004-05-10,3417.2
2004-05-17,3412.6
2004-05-24,3329.4
2004-05-31,3342.5
2004-06-07,3446.5
2004-06-14,3440.9
2004-06-21,3377.2
2004-06-28,3305.1
2004-07-05,3427.1
2004-07-12,3464.5
2004-07-19,3419.5
2004-07-26,3347.9
2004-08-02,3375.7
2004-08-09,3467.5
2004-08-16,3457.3
2004-08-23,3384.5
2004-08-30,3348.3
2004-09-06,3496.1
2004-09-13,3517.7
2004-09-20,3465.2
2004-09-27,3381.9
2004-10-04,3455.8
2004-10-11,3518.0
2004-10-18,3513.1
2004-10-25,3423.2
2004-11-01,3446.1
2004-11-08,3544.7
2004-11-15,3558.9
2004-11-22,3487.0
2004-11-29,3429.6
2004-12-06,3558.7
2004-12-13,3564.6
2004-12-20,3518.2
2004-12-27,3444.2
2005-01-03,3450.9
2005-01-10,3570.7
2005-01-17,3552.6
2005-01-24,3453.7
2005-01-31,3394.9
2005-02-07,3528.7
2005-02-14,3516.2
2005-02-21,3472.0
2005-02-28,3444.5
2005-03-07,3559.2
2005-03-14,3557.0
2005-03-21,3505.7
2005-03-28,3451.8
2005-04-04,3549.1
2005-04-11,3622.7
2005-04-18,3602.0
2005-04-25,3475.9
2005-05-02,3458.7
2005-05-09,3550.4
2005-05-16,3544.1
2005-05-23,3462.4
2005-05-30,3415.3
2005-06-06,3570.0
2005-06-13,3576.9
2005-06-20,3527.2
2005-06-27,3436.6
2005-07-04,3524.2
2005-07-11,3596.6
2005-07-18,3566.9
2005-07-25,3478.7
2005-08-01,3504.6
2005-08-08,3607.6
2005-08-15,3585.9
2005-08-22,3514.3
2005-08-29,3444.9
2005-09-05,3588.0
2005-09-12,3636.1
2005-09-19,3583.1
2005-09-26,3479.0
2005-10-03,3516.5
2005-10-10,3631.2
2005-10-17,3644.0
2005-10-24,3530.1
2005-10-31,3492.3
2005-11-07,3639.0
2005-11-14,3645.8
2005-11-21,3587.4
2005-11-28,3511.9
2005-12-05,3619.7
2005-12-12,3659.5
2005-12-19,3620.6
2005-12-26,3539.9
2006-01-02,3556.5
2006-01-09,3678.0
2006-01-16,3659.0
2006-01-23,3582.4
2006-01-30,3487.6
2006-02-06,3623.5
2006-02-13,3639.4
2006-02-20,3609.6
2006-02-27,3562.3
2006-03-06,3686.6
2006-03-13,3681.2
2006-03-20,3627.4
2006-03-27,3552.5
2006-04-03,3603.4
2006-04-10,3742.1
2006-04-17,3742.4
2006-04-24,3623.8
2006-05-01,3580.6
2006-05-08,3652.3
2006-05-15,3648.2
2006-05-22,3576.7
2006-05-29,3513.7
2006-06-05,3656.5
2006-06-12,3691.9
2006-06-19,3651.6
2006-06-26,3550.5
2006-07-03,3582.7
2006-07-10,3705.0
2006-07-17,3686.0
2006-07-24,3578.6
2006-07-31,3535.3
2006-08-07,3676.2
2006-08-14,3664.4
2006-08-21,3602.6
2006-08-28,3522.4
2006-09-04,3614.5
2006-09-11,3692.4
2006-09-18,3662.4
2006-09-25,3551.5
2006-10-02,3573.0
2006-10-09,3681.8
2006-10-16,3697.3
2006-10-23,3597.1
2006-10-30,3539.0
2006-11-06,3694.5
2006-11-13,3711.4
2006-11-20,3667.1
2006-11-27,3600.2
2006-12-04,3670.4
2006-12-11,3738.6
2006-12-18,3717.8
2006-12-25,3647.8
2007-01-01,3657.7
2007-01-08,3767.9
2007-01-15,3745.0
2007-01-22,3678.7
2007-01-29,3579.8
2007-02-05,3689.7
2007-02-12,3729.2
2007-02-19,3707.3
2007-02-26,3674.1
2007-03-05,3745.5
2007-03-12,3775.8
2007-03-19,3764.3
2007-03-26,3709.2
2007-04-02,3743.6
2007-04-09,3872.7
2007-04-16,3885.0
2007-04-23,3800.2
2007-04-30,3700.6
2007-05-07,3822.9
2007-05-14,3816.8
2007-05-21,3765.3
2007-05-28,3697.2
2007-06-04,3794.2
2007-06-11,3859.9
2007-06-18,3857.8
2007-06-25,3752.3
2007-07-02,3764.4
2007-07-09,3867.7
2007-07-16,3848.0
2007-07-23,3773.1
2007-07-30,3725.5
2007-08-06,3860.3
2007-08-13,3873.2
2007-08-20,3847.4
2007-08-27,3771.6
2007-09-03,3772.3
2007-09-10,3904.9
2007-09-17,3897.0
2007-09-24,3790.6
2007-10-01,3786.6
2007-10-08,3880.8
2007-10-15,3876.6
2007-10-22,3799.6
2007-10-29,3752.9
2007-11-05,3852.8
2007-11-12,3893.7
2007-11-19,3887.3
2007-11-26,3812.3
2007-12-03,3826.8
2007-12-10,3919.5
2007-12-17,3916.1
2007-12-24,3837.2
2007-12-31,3809.6
2008-01-07,3917.5
2008-01-14,3903.8
2008-01-21,3841.7
2008-01-28,3778.3
2008-02-04,3849.5
2008-02-11,3920.9
2008-02-18,3909.7
2008-02-25,3885.6
2008-03-03,3917.5
2008-03-10,4019.2
2008-03-17,4041.3
2008-03-24,3970.1
2008-03-31,3941.9
2008-04-07,4096.1
2008-04-14,4104.5
2008-04-21,4047.8
2008-04-28,3905.7
2008-05-05,3991.6
2008-05-12,4042.8
2008-05-19,4028.0
2008-05-26,3974.6
2008-06-02,3998.7
2008-06-09,4082.2
2008-06-16,4088.7
2008-06-23,4006.2
2008-06-30,3962.1
2008-07-07,4096.2
2008-07-14,4091.2
2008-07-21,4027.1
2008-07-28,3936.7
2008-08-04,4003.0
2008-08-11,4062.7
2008-08-18,4040.9
2008-08-25,3961.9
2008-09-01,3946.1
2008-09-08,4046.6
2008-09-15,4052.3
2008-09-22,4054.8
2008-09-29,3956.5
2008-10-06,4062.5
2008-10-13,4103.3
2008-10-20,4070.9
2008-10-27,3913.9
2008-11-03,3924.4
2008-11-10,4052.1
2008-11-17,4076.6
2008-11-24,3995.3
2008-12-01,4015.3
2008-12-08,4120.5
2008-12-15,4130.3
2008-12-22,4085.1
2008-12-29,4033.0
2009-01-05,4136.9
2009-01-12,4207.5
2009-01-19,4228.1
2009-01-26,4166.3
2009-02-02,4168.3
2009-02-09,4278.3
2009-02-16,4299.6
2009-02-23,4261.6
2009-03-02,4294.8
2009-03-09,4418.2
2009-03-16,4446.2
2009-03-23,4363.0
2009-03-30,4303.6
2009-04-06,4366.8
2009-04-13,4493.8
2009-04-20,4450.9
2009-04-27,4327.1
2009-05-04,4400.2
2009-05-11,4495.7
2009-05-18,4487.6
2009-05-25,4409.1
2009-06-01,4429.0
2009-06-08,4547.2
2009-06-15,4556.4
2009-06-22,4445.2
2009-06-29,4357.7
2009-07-06,4531.1
2009-07-13,4552.3
2009-07-20,4508.0
2009-07-27,4437.7
2009-08-03,4458.6
2009-08-10,4590.4
2009-08-17,4582.8
2009-08-24,4501.2
2009-08-31,4483.8
2009-09-07,4636.6
2009-09-14,4674.6
2009-09-21,4607.5
2009-09-28,4524.2
2009-10-05,4656.1
2009-10-12,4729.8
2009-10-19,4719.0
2009-10-26,4621.0
2009-11-02,4645.7
2009-11-09,4805.0
2009-11-16,4843.2
2009-11-23,4759.3
2009-11-30,4728.1
2009-12-07,4886.2
2009-12-14,4895.3
2009-12-21,4819.4
2009-12-28,4734.1
2010-01-04,4766.7
2010-01-11,4899.0
2010-01-18,4875.8
2010-01-25,4788.4
2010-02-01,4783.9
2010-02-08,4903.4
2010-02-15,4926.1
2010-02-22,4882.6
2010-03-01,4883.2
2010-03-08,5002.9
2010-03-15,5010.6
2010-03-22,4935.5
2010-03-29,4891.9
2010-04-05,5061.4
2010-04-12,5119.0
2010-04-19,5068.1
2010-04-26,4953.9
2010-05-03,4965.1
2010-05-10,5111.7
2010-05-17,5128.7
2010-05-24,5020.5
2010-05-31,5018.2
2010-06-07,5158.3
2010-06-14,5156.5
2010-06-21,5070.7
2010-06-28,4967.2
2010-07-05,5089.4
2010-07-12,5153.8
2010-07-19,5107.4
2010-07-26,5014.5
2010-08-02,5042.7
2010-08-09,5179.8
2010-08-16,5183.6
2010-08-23,5087.0
2010-08-30,5042.6
2010-09-06,5217.9
2010-09-13,5268.0
2010-09-20,5197.3
2010-09-27,5097.9
2010-10-04,5204.7
2010-10-11,5303.9
2010-10-18,5313.0
2010-10-25,5189.6
2010-11-01,5203.7
2010-11-08,5262.6
2010-11-15,5376.3
2010-11-22,5294.7
2010-11-29,5222.9
2010-12-06,5389.0
2010-12-13,5423.6
2010-12-20,5361.5
2010-12-27,5267.0
2011-01-03,5288.5
2011-01-10,5458.1
2011-01-17,5459.0
2011-01-24,5315.0
2011-01-31,5252.6
2011-02-07,5440.8
2011-02-14,5469.1
2011-02-21,5404.9
2011-02-28,5374.5
2011-03-07,5550.6
2011-03-14,5571.0
2011-03-21,5499.6
2011-03-28,5417.9
2011-04-04,5536.8
2011-04-11,5648.2
2011-04-18,5633.7
2011-04-25,5495.5
2011-05-02,5466.0
2011-05-09,5608.7
2011-05-16,5620.5
2011-05-23,5515.5
2011-05-30,5463.6
2011-06-06,5649.0
2011-06-13,5676.1
2011-06-20,5629.9
2011-06-27,5575.1
2011-07-04,5701.0
2011-07-11,5806.1
2011-07-18,5794.4
2011-07-25,5686.6
2011-08-01,5739.2
2011-08-08,5914.5
2011-08-15,5919.3
2011-08-22,5822.5
2011-08-29,5739.5
2011-09-05,5906.0
2011-09-12,6002.0
2011-09-19,5934.6
2011-09-26,5796.4
2011-10-03,5824.5
2011-10-10,6007.2
2011-10-17,6032.9
2011-10-24,5887.1
2011-10-31,5829.3
2011-11-07,6037.8
2011-11-14,6089.3
2011-11-21,5997.5
2011-11-28,5896.4
2011-12-05,6051.3
2011-12-12,6140.7
2011-12-19,6081.9
2011-12-26,5958.6
2012-01-02,5981.9
2012-01-09,6190.0
2012-01-16,6192.1
2012-01-23,6056.4
2012-01-30,5953.8
2012-02-06,6148.1
2012-02-13,6212.0
2012-02-20,6155.9
2012-02-27,6088.2
2012-03-05,6244.1
2012-03-12,6320.7
2012-03-19,6258.4
2012-03-26,6144.6
2012-04-02,6184.8
2012-04-09,6397.2
2012-04-16,6404.5
2012-04-23,6207.1
2012-04-30,6108.1
2012-05-07,6323.9
2012-05-14,6337.0
2012-05-21,6260.2
2012-05-28,6157.5
2012-06-04,6293.4
2012-06-11,6414.2
2012-06-18,6378.3
2012-06-25,6215.4
2012-07-02,6262.3
2012-07-09,6416.5
2012-07-16,6431.5
2012-07-23,6301.9
2012-07-30,6222.6
2012-08-06,6431.7
2012-08-13,6477.5
2012-08-20,6411.1
2012-08-27,6301.5
2012-09-03,6321.3
2012-09-10,6561.2
2012-09-17,6580.9
2012-09-24,6408.4
2012-10-01,6417.3
2012-10-08,6575.6
2012-10-15,6613.0
2012-10-22,6495.0
2012-10-29,6387.5
2012-11-05,6600.9
2012-11-12,6699.8
2012-11-19,6651.3
2012-11-26,6534.1
2012-12-03,6564.8
2012-12-10,6768.0
2012-12-17,6799.7
2012-12-24,6667.8
2012-12-31,6619.7
2013-01-07,6824.9
2013-01-14,6816.4
2013-01-21,6681.5
2013-01-28,6546.5
2013-02-04,6647.9
2013-02-11,6782.0
2013-02-18,6743.7
2013-02-25,6654.6
2013-03-04,6795.0
2013-03-11,6915.9
2013-03-18,6885.3
2013-03-25,6730.5
2013-04-01,6750.9
2013-04-08,6973.6
2013-04-15,6968.9
2013-04-22,6774.7
2013-04-29,6606.0
2013-05-06,6841.5
2013-05-13,6898.6
2013-05-20,6812.9
2013-05-27,6691.6
2013-06-03,6740.5
2013-06-10,6972.8
2013-06-17,6953.8
2013-06-24,6760.9
2013-07-01,6779.4
2013-07-08,6974.5
2013-07-15,6974.7
2013-07-22,6854.4
2013-07-29,6746.5
2013-08-05,6952.8
2013-08-12,7046.9
2013-08-19,6978.5
2013-08-26,6844.6
2013-09-02,6849.2
2013-09-09,7091.6
2013-09-16,7099.1
2013-09-23,6954.1
2013-09-30,6891.7
2013-10-07,7141.0
2013-10-14,7158.4
2013-10-21,7091.6
2013-10-28,6951.6
2013-11-04,7086.5
2013-11-11,7215.5
2013-11-18,7193.4
2013-11-25,7055.6
2013-12-02,7056.4
2013-12-09,7255.9
2013-12-16,7241.8
2013-12-23,7112.4
2013-12-30,7014.3
2014-01-06,7222.5
2014-01-13,7295.6
2014-01-20,7192.0
2014-01-27,7044.8
2014-02-03,7023.4
2014-02-10,7280.2
2014-02-17,7295.7
2014-02-24,7183.6
2014-03-03,7176.0
2014-03-10,7369.0
2014-03-17,7383.0
2014-03-24,7237.7
2014-03-31,7159.5
2014-04-07,7445.1
2014-04-14,7456.5
2014-04-21,7297.7
2014-04-28,7109.2
2014-05-05,7284.0
2014-05-12,7380.9
2014-05-19,7319.5
2014-05-26,7197.6
2014-06-02,7224.5
2014-06-09,7423.7
2014-06-16,7418.2
2014-06-23,7249.1
2014-06-30,7182.0
2014-07-07,7456.4
2014-07-14,7469.6
2014-07-21,7365.8
2014-07-28,7232.6
2014-08-04,7371.7
2014-08-11,7531.4
2014-08-18,7508.7
2014-08-25,7365.9
2014-09-01,7323.1
2014-09-08,7570.0
2014-09-15,7572.0
2014-09-22,7419.3
2014-09-29,7284.3
2014-10-06,7542.0
2014-10-13,7603.4
2014-10-20,7535.8
2014-10-27,7376.2
2014-11-03,7372.2
2014-11-10,7669.4
2014-11-17,7688.7
2014-11-24,7532.1
2014-12-01,7517.2
2014-12-08,7712.2
2014-12-15,7708.4
2014-12-22,7574.2
2014-12-29,7445.8
2015-01-05,7616.0
2015-01-12,7779.5
2015-01-19,7708.6
2015-01-26,7528.3
2015-02-02,7519.3
2015-02-09,7750.8
2015-02-16,7764.1
2015-02-23,7672.7
2015-03-02,7676.8
2015-03-09,7874.7
2015-03-16,7894.0
2015-03-23,7737.4
2015-03-30,7645.4
2015-04-06,7958.7
2015-04-13,8008.0
2015-04-20,7862.5
2015-04-27,7625.3
2015-05-04,7744.1
2015-05-11,7913.2
2015-05-18,7888.0
2015-05-25,7735.1
2015-06-01,7739.0
2015-06-08,7962.7
2015-06-15,7953.5
2015-06-22,7790.3
2015-06-29,7661.1
2015-07-06,7960.0
2015-07-13,8009.1
2015-07-20,7902.1
2015-07-27,7748.8
2015-08-03,7763.6
2015-08-10,8066.1
2015-08-17,8072.0
2015-08-24,7931.4
2015-08-31,7853.0
2015-09-07,8149.0
2015-09-14,8197.8
2015-09-21,8049.1
2015-09-28,7861.7
2015-10-05,8082.1
2015-10-12,8207.9
2015-10-19,8142.8
2015-10-26,7985.9
2015-11-02,7998.0
2015-11-09,8272.4
2015-11-16,8293.5
2015-11-23,8132.4
2015-11-30,8049.1
2015-12-07,8334.5
2015-12-14,8344.0
2015-12-21,8200.8
2015-12-28,8043.6
2016-01-04,8069.1
2016-01-11,8376.3
2016-01-18,8316.8
2016-01-25,8134.2
2016-02-01,8104.1
2016-02-08,8309.0
2016-02-15,8323.3
2016-02-22,8236.4
2016-02-29,8135.1
2016-03-07,8444.8
2016-03-14,8474.8
2016-03-21,8354.1
2016-03-28,8230.7
2016-04-04,8393.9
2016-04-11,8575.1
2016-04-18,8522.6
2016-04-25,8254.4
2016-05-02,8217.7
2016-05-09,8460.7
2016-05-16,8461.6
2016-05-23,8320.9
2016-05-30,8223.8
2016-06-06,8519.3
2016-06-13,8592.8
2016-06-20,8459.5
2016-06-27,8281.5
2016-07-04,8433.3
2016-07-11,8627.5
2016-07-18,8592.5
2016-07-25,8416.9
2016-08-01,8428.5
2016-08-08,8675.9
2016-08-15,8670.6
2016-08-22,8549.5
2016-08-29,8405.3
2016-09-05,8679.8
2016-09-12,8834.6
2016-09-19,8741.8
2016-09-26,8518.6
2016-10-03,8553.4
2016-10-10,8830.5
2016-10-17,8853.6
2016-10-24,8656.7
2016-10-31,8557.2
2016-11-07,8890.6
2016-11-14,8924.2
2016-11-21,8819.4
2016-11-28,8667.4
2016-12-05,8878.0
2016-12-12,8994.7
2016-12-19,8908.6
2016-12-26,8722.9
2017-01-02,8720.5
2017-01-09,9002.5
2017-01-16,8980.2
2017-01-23,8806.7
2017-01-30,8612.9
2017-02-06,8921.5
2017-02-13,8987.1
2017-02-20,8875.6
2017-02-27,8772.9
2017-03-06,9031.9
2017-03-13,9098.9
2017-03-20,8983.5
2017-03-27,8815.6
2017-04-03,8836.0
2017-04-10,9205.1
2017-04-17,9179.0
2017-04-24,8891.6
2017-05-01,8811.5
2017-05-08,9024.7
2017-05-15,9006.2
2017-05-22,8869.2
2017-05-29,8727.7
2017-06-05,8990.5
2017-06-12,9099.5
2017-06-19,8986.7
2017-06-26,8739.4
2017-07-03,8782.3
2017-07-10,9120.8
2017-07-17,9110.7
2017-07-24,8888.6
2017-07-31,8786.1
2017-08-07,9135.1
2017-08-14,9118.1
2017-08-21,8957.5
2017-08-28,8807.7
2017-09-04,9001.0
2017-09-11,9210.5
2017-09-18,9144.4
2017-09-25,8913.1
2017-10-02,8928.9
2017-10-09,9180.8
2017-10-16,9186.2
2017-10-23,8984.8
2017-10-30,8843.1
2017-11-06,9166.6
2017-11-13,9239.7
2017-11-20,9123.7
2017-11-27,8956.5
2017-12-04,9087.1
2017-12-11,9307.6
2017-12-18,9246.0
2017-12-25,9053.7
2018-01-01,9001.5
2018-01-08,9236.0
2018-01-15,9209.4
2018-01-22,9054.3
2018-01-29,8849.5
2018-02-05,9098.5
2018-02-12,9226.7
2018-02-19,9145.9
2018-02-26,9003.5
2018-03-05,9181.8
2018-03-12,9296.0
2018-03-19,9212.4
2018-03-26,9048.2
2018-04-02,9097.5
2018-04-09,9386.6
2018-04-16,9384.8
2018-04-23,9097.7
2018-04-30,8912.9
2018-05-07,9246.1
2018-05-14,9268.8
2018-05-21,9126.9
2018-05-28,8973.1
2018-06-04,9137.9
2018-06-11,9363.6
2018-06-18,9295.8
2018-06-25,9057.7
2018-07-02,9069.0
2018-07-09,9350.8
2018-07-16,9339.2
2018-07-23,9152.6
2018-07-30,8997.5
2018-08-06,9303.2
2018-08-13,9376.0
2018-08-20,9269.3
2018-08-27,9080.2
2018-09-03,9058.7
2018-09-10,9409.2
2018-09-17,9408.5
2018-09-24,9163.3
2018-10-01,9124.7
2018-10-08,9348.2
2018-10-15,9356.3
2018-10-22,9170.3
2018-10-29,8978.7
2018-11-05,9245.8
2018-11-12,9386.4
2018-11-19,9338.2
2018-11-26,9152.9
2018-12-03,9146.5
2018-12-10,9437.6
2018-12-17,9429.2
2018-12-24,9264.8
2018-12-31,9166.5
2019-01-07,9439.1
2019-01-14,9464.8
2019-01-21,9263.7
2019-01-28,9052.9
2019-02-04,9162.3
2019-02-11,9368.5
2019-02-18,9310.3
2019-02-25,9178.8
2019-03-04,9288.4
2019-03-11,9492.4
2019-03-18,9439.2
2019-03-25,9256.4
2019-04-01,9237.7
2019-04-08,9531.8
2019-04-15,9509.7
2019-04-22,9264.3
2019-04-29,9030.2
2019-05-06,9374.5
2019-05-13,9440.7
2019-05-20,9336.6
2019-05-27,9168.2
2019-06-03,9216.5
2019-06-10,9554.9
2019-06-17,9539.0
2019-06-24,9316.6
2019-07-01,9302.4
2019-07-08,9589.5
2019-07-15,9570.0
2019-07-22,9405.4
2019-07-29,9243.9
2019-08-05,9520.2
2019-08-12,9658.5
2019-08-19,9582.2
2019-08-26,9388.6
2019-09-02,9369.7
2019-09-09,9697.4
2019-09-16,9717.1
2019-09-23,9525.7
2019-09-30,9413.8
2019-10-07,9765.5
2019-10-14,9781.5
2019-10-21,9655.8
2019-10-28,9447.2
2019-11-04,9647.2
2019-11-11,9870.8
2019-11-18,9877.1
2019-11-25,9683.8
2019-12-02,9681.6
2019-12-09,9921.7
2019-12-16,9950.7
2019-12-23,9775.4
2019-12-30,9650.4
2020-01-06,9933.7
2020-01-13,10048.1
2020-01-20,9917.0
2020-01-27,9699.3
2020-02-03,9681.9
2020-02-10,10004.8
2020-02-17,10025.4
2020-02-24,9877.4
